"","ONTOLOGY","ID","Description","GeneRatio","BgRatio","pvalue","p.adjust","qvalue","geneID","Count"
"GO:0048285","BP","GO:0048285","organelle fission","17/44","488/18723",3.22048137076561e-16,6.65351451200176e-13,3.95610711545629e-13,"PPARGC1A/MND1/ASPM/EDN1/CDT1/BUB1/RAD51AP1/CDC20/BUB3/BUB1B/PSMC3IP/MAD2L1/TOP2A/EDN3/CENPE/PTTG1/PRC1",17
"GO:0000280","BP","GO:0000280","nuclear division","16/44","439/18723",1.45352616972192e-15,1.50149253332275e-12,8.92771073718675e-13,"MND1/ASPM/EDN1/CDT1/BUB1/RAD51AP1/CDC20/BUB3/BUB1B/PSMC3IP/MAD2L1/TOP2A/EDN3/CENPE/PTTG1/PRC1",16
"GO:0007059","BP","GO:0007059","chromosome segregation","12/44","346/18723",1.62758344488489e-11,1.12086246571073e-08,6.66452589537077e-09,"CDT1/BUB1/CDC20/BUB3/BUB1B/PSMC3IP/MAD2L1/SPC25/TOP2A/CENPE/PTTG1/PRC1",12
"GO:0051783","BP","GO:0051783","regulation of nuclear division","9/44","139/18723",2.99946425293435e-11,1.2186652783828e-08,7.24605074577231e-09,"EDN1/CDT1/BUB1/RAD51AP1/CDC20/BUB3/BUB1B/MAD2L1/EDN3",9
"GO:0000819","BP","GO:0000819","sister chromatid segregation","10/44","202/18723",3.08224618656044e-11,1.2186652783828e-08,7.24605074577231e-09,"CDT1/BUB1/CDC20/BUB3/BUB1B/MAD2L1/TOP2A/CENPE/PTTG1/PRC1",10
"GO:0098813","BP","GO:0098813","nuclear chromosome segregation","11/44","281/18723",3.53920216374483e-11,1.2186652783828e-08,7.24605074577231e-09,"CDT1/BUB1/CDC20/BUB3/BUB1B/PSMC3IP/MAD2L1/TOP2A/CENPE/PTTG1/PRC1",11
"GO:0140014","BP","GO:0140014","mitotic nuclear division","11/44","287/18723",4.44016772121866e-11,1.31048378743396e-08,7.79199357994312e-09,"EDN1/CDT1/BUB1/CDC20/BUB3/BUB1B/MAD2L1/EDN3/CENPE/PTTG1/PRC1",11
"GO:0051304","BP","GO:0051304","chromosome separation","8/44","96/18723",5.40478699275788e-11,1.39578624087972e-08,8.29919265861637e-09,"CDT1/BUB1/BUB3/BUB1B/MAD2L1/TOP2A/CENPE/PTTG1",8
"GO:0010965","BP","GO:0010965","regulation of mitotic sister chromatid separation","7/44","65/18723",1.50943780312446e-10,3.40159348962548e-08,2.02255036551329e-08,"CDT1/BUB1/BUB3/BUB1B/MAD2L1/CENPE/PTTG1",7
"GO:0000070","BP","GO:0000070","mitotic sister chromatid segregation","9/44","168/18723",1.64646345093198e-10,3.40159348962548e-08,2.02255036551329e-08,"CDT1/BUB1/CDC20/BUB3/BUB1B/MAD2L1/CENPE/PTTG1/PRC1",9
"GO:0051306","BP","GO:0051306","mitotic sister chromatid separation","7/44","67/18723",1.87899306745299e-10,3.52909061577988e-08,2.09835876528003e-08,"CDT1/BUB1/BUB3/BUB1B/MAD2L1/CENPE/PTTG1",7
"GO:0033045","BP","GO:0033045","regulation of sister chromatid segregation","7/44","72/18723",3.15538680401351e-10,5.01463779776301e-08,2.98164890711236e-08,"CDT1/BUB1/BUB3/BUB1B/MAD2L1/CENPE/PTTG1",7
"GO:1905818","BP","GO:1905818","regulation of chromosome separation","7/44","72/18723",3.15538680401351e-10,5.01463779776301e-08,2.98164890711236e-08,"CDT1/BUB1/BUB3/BUB1B/MAD2L1/CENPE/PTTG1",7
"GO:0051321","BP","GO:0051321","meiotic cell cycle","10/44","261/18723",3.81567565825138e-10,5.35411675393839e-08,3.18349938953793e-08,"MND1/ASPM/BUB1/RAD51AP1/CDC20/BUB3/BUB1B/PSMC3IP/TOP2A/PTTG1",10
"GO:0140013","BP","GO:0140013","meiotic nuclear division","9/44","185/18723",3.88730645252061e-10,5.35411675393839e-08,3.18349938953793e-08,"MND1/ASPM/BUB1/RAD51AP1/CDC20/BUB1B/PSMC3IP/TOP2A/PTTG1",9
"GO:0033044","BP","GO:0033044","regulation of chromosome organization","9/44","187/18723",4.27699494727336e-10,5.52266972566673e-08,3.28371914701843e-08,"CDT1/BUB1/MYC/BUB3/BUB1B/MAD2L1/TOP2A/CENPE/PTTG1",9
"GO:0033046","BP","GO:0033046","negative regulation of sister chromatid segregation","6/44","43/18723",6.74930145725901e-10,7.33897726878795e-08,4.36367578981787e-08,"CDT1/BUB1/BUB3/BUB1B/MAD2L1/PTTG1",6
"GO:0033048","BP","GO:0033048","negative regulation of mitotic sister chromatid segregation","6/44","43/18723",6.74930145725901e-10,7.33897726878795e-08,4.36367578981787e-08,"CDT1/BUB1/BUB3/BUB1B/MAD2L1/PTTG1",6
"GO:2000816","BP","GO:2000816","negative regulation of mitotic sister chromatid separation","6/44","43/18723",6.74930145725901e-10,7.33897726878795e-08,4.36367578981787e-08,"CDT1/BUB1/BUB3/BUB1B/MAD2L1/PTTG1",6
"GO:1903046","BP","GO:1903046","meiotic cell cycle process","9/44","202/18723",8.47392417333543e-10,8.43859287494171e-08,5.01749522854078e-08,"MND1/ASPM/BUB1/RAD51AP1/CDC20/BUB1B/PSMC3IP/TOP2A/PTTG1",9
"GO:0051985","BP","GO:0051985","negative regulation of chromosome segregation","6/44","45/18723",8.98591690458459e-10,8.43859287494171e-08,5.01749522854078e-08,"CDT1/BUB1/BUB3/BUB1B/MAD2L1/PTTG1",6
"GO:1905819","BP","GO:1905819","negative regulation of chromosome separation","6/44","45/18723",8.98591690458459e-10,8.43859287494171e-08,5.01749522854078e-08,"CDT1/BUB1/BUB3/BUB1B/MAD2L1/PTTG1",6
"GO:0033047","BP","GO:0033047","regulation of mitotic sister chromatid segregation","6/44","46/18723",1.03158144071159e-09,9.26629241960932e-08,5.50963634467014e-08,"CDT1/BUB1/BUB3/BUB1B/MAD2L1/PTTG1",6
"GO:2001251","BP","GO:2001251","negative regulation of chromosome organization","7/44","86/18723",1.12333504034601e-09,9.67004247231187e-08,5.74970171966574e-08,"CDT1/BUB1/BUB3/BUB1B/MAD2L1/TOP2A/PTTG1",7
"GO:0051983","BP","GO:0051983","regulation of chromosome segregation","7/44","91/18723",1.67754227278248e-09,1.38632093422744e-07,8.24291297826169e-08,"CDT1/BUB1/BUB3/BUB1B/MAD2L1/CENPE/PTTG1",7
"GO:0030071","BP","GO:0030071","regulation of mitotic metaphase/anaphase transition","6/44","60/18723",5.38072619787936e-09,4.27560781723798e-07,2.54222974612357e-07,"CDT1/BUB1/BUB3/BUB1B/MAD2L1/CENPE",6
"GO:0007088","BP","GO:0007088","regulation of mitotic nuclear division","7/44","110/18723",6.38151195265378e-09,4.85814332880438e-07,2.88859900377781e-07,"EDN1/CDT1/BUB1/BUB3/BUB1B/MAD2L1/EDN3",7
"GO:0007091","BP","GO:0007091","metaphase/anaphase transition of mitotic cell cycle","6/44","62/18723",6.5841245501705e-09,4.85814332880438e-07,2.88859900377781e-07,"CDT1/BUB1/BUB3/BUB1B/MAD2L1/CENPE",6
"GO:1902099","BP","GO:1902099","regulation of metaphase/anaphase transition of cell cycle","6/44","63/18723",7.26451941753026e-09,5.17534383331638e-07,3.07720296198106e-07,"CDT1/BUB1/BUB3/BUB1B/MAD2L1/CENPE",6
"GO:0044784","BP","GO:0044784","metaphase/anaphase transition of cell cycle","6/44","65/18723",8.80048298721463e-09,6.06059928386181e-07,3.60356619160683e-07,"CDT1/BUB1/BUB3/BUB1B/MAD2L1/CENPE",6
"GO:0007094","BP","GO:0007094","mitotic spindle assembly checkpoint signaling","5/44","38/18723",2.68607738775283e-08,1.68164723730223e-06,9.99889094579761e-07,"CDT1/BUB1/BUB3/BUB1B/MAD2L1",5
"GO:0071173","BP","GO:0071173","spindle assembly checkpoint signaling","5/44","38/18723",2.68607738775283e-08,1.68164723730223e-06,9.99889094579761e-07,"CDT1/BUB1/BUB3/BUB1B/MAD2L1",5
"GO:0071174","BP","GO:0071174","mitotic spindle checkpoint signaling","5/44","38/18723",2.68607738775283e-08,1.68164723730223e-06,9.99889094579761e-07,"CDT1/BUB1/BUB3/BUB1B/MAD2L1",5
"GO:0031577","BP","GO:0031577","spindle checkpoint signaling","5/44","39/18723",3.07573984653901e-08,1.86896427145576e-06,1.11126575879598e-06,"CDT1/BUB1/BUB3/BUB1B/MAD2L1",5
"GO:0045841","BP","GO:0045841","negative regulation of mitotic metaphase/anaphase transition","5/44","40/18723",3.50902884127656e-08,2.0713295960221e-06,1.23158997226158e-06,"CDT1/BUB1/BUB3/BUB1B/MAD2L1",5
"GO:1902100","BP","GO:1902100","negative regulation of metaphase/anaphase transition of cell cycle","5/44","42/18723",4.52071006412079e-08,2.5943852756871e-06,1.54259317100262e-06,"CDT1/BUB1/BUB3/BUB1B/MAD2L1",5
"GO:0007346","BP","GO:0007346","regulation of mitotic cell cycle","10/44","457/18723",8.02872951885366e-08,4.48306896917613e-06,2.66558388293093e-06,"EDN1/CDT1/BUB1/BUB3/BUB1B/FGF10/MAD2L1/EDN3/CENPE/CDK1",10
"GO:0045839","BP","GO:0045839","negative regulation of mitotic nuclear division","5/44","48/18723",9.0053355711449e-08,4.89605876052247e-06,2.9111431056859e-06,"CDT1/BUB1/BUB3/BUB1B/MAD2L1",5
"GO:0001823","BP","GO:0001823","mesonephros development","6/44","96/18723",9.35769018141711e-08,4.95717638841225e-06,2.94748298021964e-06,"FGFR2/SDC1/SDC4/MYC/FGF10/FGF1",6
"GO:0051784","BP","GO:0051784","negative regulation of nuclear division","5/44","56/18723",1.98118476355135e-07,1.02328193037427e-05,6.08432268174848e-06,"CDT1/BUB1/BUB3/BUB1B/MAD2L1",5
"GO:0071459","BP","GO:0071459","protein localization to chromosome, centromeric region","4/44","25/18723",3.23654938070379e-07,1.63090512695952e-05,9.69718389545911e-06,"CDT1/BUB3/BUB1B/CDK1",4
"GO:1901990","BP","GO:1901990","regulation of mitotic cell cycle phase transition","8/44","299/18723",4.14432114595969e-07,2.03861130656017e-05,1.21213603441979e-05,"CDT1/BUB1/BUB3/BUB1B/FGF10/MAD2L1/CENPE/CDK1",8
"GO:0044772","BP","GO:0044772","mitotic cell cycle phase transition","9/44","424/18723",5.05424288909849e-07,2.42838739741337e-05,1.44389264420513e-05,"CDT1/BUB1/BUB3/BUB1B/FGF10/MAD2L1/CENPE/CCNA2/CDK1",9
"GO:0007093","BP","GO:0007093","mitotic cell cycle checkpoint signaling","6/44","129/18723",5.42066205660702e-07,2.54524722930684e-05,1.51337622489483e-05,"CDT1/BUB1/BUB3/BUB1B/MAD2L1/CDK1",6
"GO:0045787","BP","GO:0045787","positive regulation of cell cycle","8/44","313/18723",5.85873253068752e-07,2.68980920186676e-05,1.59933119609645e-05,"FGFR2/EDN1/CDT1/RAD51AP1/FGF10/MAD2L1/EDN3/CDK1",8
"GO:1902850","BP","GO:1902850","microtubule cytoskeleton organization involved in mitosis","6/44","147/18723",1.16718444068808e-06,5.23772960633642e-05,3.1142968617693e-05,"CDC20/FGF10/MAD2L1/SPC25/CENPE/PRC1",6
"GO:0090068","BP","GO:0090068","positive regulation of cell cycle process","7/44","236/18723",1.19154545739502e-06,5.23772960633642e-05,3.1142968617693e-05,"EDN1/CDT1/RAD51AP1/FGF10/MAD2L1/EDN3/CDK1",7
"GO:0010639","BP","GO:0010639","negative regulation of organelle organization","8/44","348/18723",1.29964382855671e-06,5.59388364541284e-05,3.32606216650369e-05,"PPARGC1A/CDT1/BUB1/BUB3/BUB1B/MAD2L1/TOP2A/PTTG1",8
"GO:0043368","BP","GO:0043368","positive T cell selection","4/44","37/18723",1.65547040178721e-06,6.98000377569872e-05,4.15023406849768e-05,"IL6/CD3G/CD3D/CD3E",4
"GO:0001657","BP","GO:0001657","ureteric bud development","5/44","91/18723",2.26971088406361e-06,9.37844537295083e-05,5.57632126674154e-05,"FGFR2/SDC1/SDC4/MYC/FGF1",5
"GO:0072163","BP","GO:0072163","mesonephric epithelium development","5/44","92/18723",2.39598844886875e-06,9.51944641415932e-05,5.66015894702396e-05,"FGFR2/SDC1/SDC4/MYC/FGF1",5
"GO:0072164","BP","GO:0072164","mesonephric tubule development","5/44","92/18723",2.39598844886875e-06,9.51944641415932e-05,5.66015894702396e-05,"FGFR2/SDC1/SDC4/MYC/FGF1",5
"GO:0045132","BP","GO:0045132","meiotic chromosome segregation","5/44","93/18723",2.52772955277601e-06,9.85337595478348e-05,5.85870980752653e-05,"BUB1/BUB1B/PSMC3IP/TOP2A/PTTG1",5
"GO:0000075","BP","GO:0000075","cell cycle checkpoint signaling","6/44","169/18723",2.62904752361867e-06,0.00010058541081104,5.98069875255943e-05,"CDT1/BUB1/BUB3/BUB1B/MAD2L1/CDK1",6
"GO:1901987","BP","GO:1901987","regulation of cell cycle phase transition","8/44","390/18723",3.03404417922414e-06,0.000113969732259583,6.77651589886042e-05,"CDT1/BUB1/BUB3/BUB1B/FGF10/MAD2L1/CENPE/CDK1",8
"GO:1901991","BP","GO:1901991","negative regulation of mitotic cell cycle phase transition","6/44","179/18723",3.66623870022262e-06,0.000135258020618927,8.04229429165376e-05,"CDT1/BUB1/BUB3/BUB1B/MAD2L1/CDK1",6
"GO:0030593","BP","GO:0030593","neutrophil chemotaxis","5/44","103/18723",4.18442936488145e-06,0.00015166721171658,9.01796688608799e-05,"EDN1/CXCL9/EDN3/EDN2/FCER1G",5
"GO:0045059","BP","GO:0045059","positive thymic T cell selection","3/44","14/18723",4.32876534124916e-06,0.000153659124062499,9.1364038202953e-05,"CD3G/CD3D/CD3E",3
"GO:0048661","BP","GO:0048661","positive regulation of smooth muscle cell proliferation","5/44","104/18723",4.38813568232692e-06,0.000153659124062499,9.1364038202953e-05,"PPARGC1A/FGFR2/EDN1/IL6/JUN",5
"GO:0010948","BP","GO:0010948","negative regulation of cell cycle process","7/44","294/18723",5.10613454309516e-06,0.000175821232767243,0.00010454138617179,"CDT1/BUB1/BUB3/BUB1B/MAD2L1/PTTG1/CDK1",7
"GO:0042060","BP","GO:0042060","wound healing","8/44","422/18723",5.42472093108243e-06,0.000183729072846169,0.00010924330158021,"FGFR2/EDN1/SDC1/SDC4/IL6/FGF10/FGF1/FCER1G",8
"GO:0045058","BP","GO:0045058","T cell selection","4/44","50/18723",5.64580734274191e-06,0.000188132870485561,0.000111861751595583,"IL6/CD3G/CD3D/CD3E",4
"GO:0060326","BP","GO:0060326","cell chemotaxis","7/44","310/18723",7.22307353083575e-06,0.00023687095102709,0.000140840882380707,"EDN1/CXCL9/IL6/FGF1/EDN3/EDN2/FCER1G",7
"GO:0051785","BP","GO:0051785","positive regulation of nuclear division","4/44","57/18723",9.5685445278725e-06,0.000301776711757555,0.00017943313935959,"EDN1/CDT1/RAD51AP1/EDN3",4
"GO:1990266","BP","GO:1990266","neutrophil migration","5/44","122/18723",9.5866333012233e-06,0.000301776711757555,0.00017943313935959,"EDN1/CXCL9/EDN3/EDN2/FCER1G",5
"GO:0060602","BP","GO:0060602","branch elongation of an epithelium","3/44","18/18723",9.64049514811164e-06,0.000301776711757555,0.00017943313935959,"FGFR2/FGF10/FGF1",3
"GO:0007131","BP","GO:0007131","reciprocal meiotic recombination","4/44","58/18723",1.0259782527311e-05,0.000311716333844479,0.000185343130176037,"MND1/RAD51AP1/PSMC3IP/TOP2A",4
"GO:0140527","BP","GO:0140527","reciprocal homologous recombination","4/44","58/18723",1.0259782527311e-05,0.000311716333844479,0.000185343130176037,"MND1/RAD51AP1/PSMC3IP/TOP2A",4
"GO:0071621","BP","GO:0071621","granulocyte chemotaxis","5/44","125/18723",1.07902125215146e-05,0.000323080856078974,0.000192100351069528,"EDN1/CXCL9/EDN3/EDN2/FCER1G",5
"GO:0034501","BP","GO:0034501","protein localization to kinetochore","3/44","19/18723",1.14293020461326e-05,0.000332576591933942,0.000197746411976823,"CDT1/BUB3/CDK1",3
"GO:1903083","BP","GO:1903083","protein localization to condensed chromosome","3/44","19/18723",1.14293020461326e-05,0.000332576591933942,0.000197746411976823,"CDT1/BUB3/CDK1",3
"GO:0035825","BP","GO:0035825","homologous recombination","4/44","60/18723",1.17518663579903e-05,0.000337213276327889,0.000200503333914835,"MND1/RAD51AP1/PSMC3IP/TOP2A",4
"GO:0097529","BP","GO:0097529","myeloid leukocyte migration","6/44","220/18723",1.19531919786889e-05,0.000338291707232484,0.000201144557161211,"EDN1/CXCL9/IL6/EDN3/EDN2/FCER1G",6
"GO:0007127","BP","GO:0007127","meiosis I","5/44","129/18723",1.25752049503065e-05,0.000346649321382287,0.000206113903323549,"MND1/RAD51AP1/PSMC3IP/TOP2A/PTTG1",5
"GO:0000302","BP","GO:0000302","response to reactive oxygen species","6/44","222/18723",1.25840750743812e-05,0.000346649321382287,0.000206113903323549,"PPARGC1A/EDN1/SDC1/IL6/JUN/CDK1",6
"GO:0050920","BP","GO:0050920","regulation of chemotaxis","6/44","223/18723",1.29094757652547e-05,0.000350933906987056,0.000208661471164159,"EDN1/IL6/FGF10/FGF1/EDN3/EDN2",6
"GO:0010893","BP","GO:0010893","positive regulation of steroid biosynthetic process","3/44","20/18723",1.34241743591248e-05,0.000360186288648725,0.000214162836323973,"PPARGC1A/CYP7A1/FGF1",3
"GO:0032496","BP","GO:0032496","response to lipopolysaccharide","7/44","343/18723",1.39367475712194e-05,0.000369145134386401,0.000219489668226897,"PPARGC1A/FGFR2/EDN1/CXCL9/IL6/JUN/FGF10",7
"GO:0030595","BP","GO:0030595","leukocyte chemotaxis","6/44","230/18723",1.53831503165283e-05,0.000402298589290475,0.000239202350691386,"EDN1/CXCL9/IL6/EDN3/EDN2/FCER1G",6
"GO:0061982","BP","GO:0061982","meiosis I cell cycle process","5/44","135/18723",1.56762216778038e-05,0.000404838424829284,0.000240712509184172,"MND1/RAD51AP1/PSMC3IP/TOP2A/PTTG1",5
"GO:0072073","BP","GO:0072073","kidney epithelium development","5/44","136/18723",1.62463137502097e-05,0.000414381286517695,0.000246386590597722,"FGFR2/SDC1/SDC4/MYC/FGF1",5
"GO:0045930","BP","GO:0045930","negative regulation of mitotic cell cycle","6/44","235/18723",1.73743426246903e-05,0.000437748681251344,0.000260280588485412,"CDT1/BUB1/BUB3/BUB1B/MAD2L1/CDK1",6
"GO:0014821","BP","GO:0014821","phasic smooth muscle contraction","3/44","22/18723",1.80749539436203e-05,0.000444557795803804,0.000264329213686778,"EDN1/EDN3/EDN2",3
"GO:0045061","BP","GO:0045061","thymic T cell selection","3/44","22/18723",1.80749539436203e-05,0.000444557795803804,0.000264329213686778,"CD3G/CD3D/CD3E",3
"GO:0050921","BP","GO:0050921","positive regulation of chemotaxis","5/44","141/18723",1.93438363646019e-05,0.00047016901093256,0.00027955736269338,"EDN1/IL6/FGF10/EDN3/EDN2",5
"GO:0002237","BP","GO:0002237","response to molecule of bacterial origin","7/44","363/18723",2.00817139895758e-05,0.000482428152354227,0.000286846514392104,"PPARGC1A/FGFR2/EDN1/CXCL9/IL6/JUN/FGF10",7
"GO:0033002","BP","GO:0033002","muscle cell proliferation","6/44","248/18723",2.3541490498088e-05,0.000559042751368388,0.000332400718829627,"PPARGC1A/FGFR2/EDN1/IL6/JUN/CDK1",6
"GO:1901988","BP","GO:1901988","negative regulation of cell cycle phase transition","6/44","249/18723",2.40806985154182e-05,0.000565349126509704,0.000336150420663792,"CDT1/BUB1/BUB3/BUB1B/MAD2L1/CDK1",6
"GO:0097530","BP","GO:0097530","granulocyte migration","5/44","148/18723",2.44323111276232e-05,0.000567159042580557,0.000337226577006935,"EDN1/CXCL9/EDN3/EDN2/FCER1G",5
"GO:0048754","BP","GO:0048754","branching morphogenesis of an epithelial tube","5/44","151/18723",2.69075027329867e-05,0.000617676673848339,0.000367263809232696,"FGFR2/EDN1/MYC/FGF10/FGF1",5
"GO:0045786","BP","GO:0045786","negative regulation of cell cycle","7/44","385/18723",2.92739981878548e-05,0.000664616266550638,0.000395173578776479,"CDT1/BUB1/BUB3/BUB1B/MAD2L1/PTTG1/CDK1",7
"GO:0014823","BP","GO:0014823","response to activity","4/44","76/18723",3.00858605711543e-05,0.000666316188777853,0.000396184333980616,"PPARGC1A/EDN1/IL6/CDK1",4
"GO:0031100","BP","GO:0031100","animal organ regeneration","4/44","76/18723",3.00858605711543e-05,0.000666316188777853,0.000396184333980616,"TYMS/IL6/CCNA2/CDK1",4
"GO:0014829","BP","GO:0014829","vascular associated smooth muscle contraction","3/44","26/18723",3.03164190441037e-05,0.000666316188777853,0.000396184333980616,"EDN1/EDN3/EDN2",3
"GO:0003401","BP","GO:0003401","axis elongation","3/44","27/18723",3.40500351421534e-05,0.000740498658986198,0.000440292421173329,"FGFR2/FGF10/FGF1",3
"GO:0010460","BP","GO:0010460","positive regulation of heart rate","3/44","28/18723",3.80734977530779e-05,0.000819373399561031,0.000487190481116688,"EDN1/EDN3/EDN2",3
"GO:0045940","BP","GO:0045940","positive regulation of steroid metabolic process","3/44","30/18723",4.70304834088692e-05,0.00100170081157447,0.000595600370462836,"PPARGC1A/CYP7A1/FGF1",3
"GO:1903131","BP","GO:1903131","mononuclear cell differentiation","7/44","426/18723",5.56396392820017e-05,0.001172974436292,0.000697437798518754,"IL6/CD3G/JUN/MYC/CD3D/FCER1G/CD3E",7
"GO:0051302","BP","GO:0051302","regulation of cell division","5/44","177/18723",5.74850627712589e-05,0.00118837021355512,0.000706591959657018,"FGFR2/ASPM/MYC/FGF1/PRC1",5
"GO:0060485","BP","GO:0060485","mesenchyme development","6/44","291/18723",5.75203394750786e-05,0.00118837021355512,0.000706591959657018,"FGFR2/EDN1/IL6/MYC/FGF10/EDN3",6
"GO:0001822","BP","GO:0001822","kidney development","6/44","293/18723",5.97458447702303e-05,0.00122212787421085,0.000726663896267418,"FGFR2/SDC1/SDC4/MYC/FGF10/FGF1",6
"GO:0048660","BP","GO:0048660","regulation of smooth muscle cell proliferation","5/44","180/18723",6.22594665331605e-05,0.0012610593907599,0.000749812151126917,"PPARGC1A/FGFR2/EDN1/IL6/JUN",5
"GO:0110110","BP","GO:0110110","positive regulation of animal organ morphogenesis","3/44","33/18723",6.2891206549731e-05,0.0012614876964247,0.00075006681700088,"EDN1/FGF10/FGF1",3
"GO:0034502","BP","GO:0034502","protein localization to chromosome","4/44","92/18723",6.3757701121275e-05,0.00126657125496687,0.000753089445430445,"CDT1/BUB3/BUB1B/CDK1",4
"GO:0061138","BP","GO:0061138","morphogenesis of a branching epithelium","5/44","182/18723",6.56087283839268e-05,0.00129092983658279,0.000767572792220978,"FGFR2/EDN1/MYC/FGF10/FGF1",5
"GO:0007051","BP","GO:0007051","spindle organization","5/44","184/18723",6.90954933811085e-05,0.00132658517254785,0.000788773065859961,"ASPM/CDC20/SPC25/CENPE/PRC1",5
"GO:0048659","BP","GO:0048659","smooth muscle cell proliferation","5/44","184/18723",6.90954933811085e-05,0.00132658517254785,0.000788773065859961,"PPARGC1A/FGFR2/EDN1/IL6/JUN",5
"GO:0002690","BP","GO:0002690","positive regulation of leukocyte chemotaxis","4/44","94/18723",6.93471435794619e-05,0.00132658517254785,0.000788773065859961,"EDN1/IL6/EDN3/EDN2",4
"GO:0072001","BP","GO:0072001","renal system development","6/44","302/18723",7.06303034137641e-05,0.00133873584268657,0.00079599772171765,"FGFR2/SDC1/SDC4/MYC/FGF10/FGF1",6
"GO:0008608","BP","GO:0008608","attachment of spindle microtubules to kinetochore","3/44","35/18723",7.51969510302205e-05,0.00141233546207669,0.000839759252174808,"CDT1/BUB3/CENPE",3
"GO:0010092","BP","GO:0010092","specification of animal organ identity","3/44","36/18723",8.18985805062576e-05,0.00152434655248584,0.000906359824094856,"FGFR2/FGF10/FGF1",3
"GO:0001990","BP","GO:0001990","regulation of systemic arterial blood pressure by hormone","3/44","37/18723",8.89788549272402e-05,0.00164134209178284,0.000975924094925652,"EDN1/EDN3/EDN2",3
"GO:0009410","BP","GO:0009410","response to xenobiotic stimulus","7/44","462/18723",9.25596347710916e-05,0.00168767432489878,0.00100347273508783,"PPARGC1A/TYMS/TLR3/EDN1/JUN/MYC/CDK1",7
"GO:0001763","BP","GO:0001763","morphogenesis of a branching structure","5/44","196/18723",9.31243335132918e-05,0.00168767432489878,0.00100347273508783,"FGFR2/EDN1/MYC/FGF10/FGF1",5
"GO:0031099","BP","GO:0031099","regeneration","5/44","198/18723",9.7685131154993e-05,0.00175493461709753,0.00104346497078148,"TYMS/IL6/FGF10/CCNA2/CDK1",5
"GO:0033674","BP","GO:0033674","positive regulation of kinase activity","7/44","467/18723",9.89851721719005e-05,0.00176296004919954,0.00104823680512348,"FGFR2/TLR3/EDN1/SDC4/FGF1/EDN3/CENPE",7
"GO:0045823","BP","GO:0045823","positive regulation of heart contraction","3/44","39/18723",0.000104313347104669,0.00182101870650723,0.00108275784913331,"EDN1/EDN3/EDN2",3
"GO:0051054","BP","GO:0051054","positive regulation of DNA metabolic process","5/44","201/18723",0.000104846477277017,0.00182101870650723,0.00108275784913331,"PPARGC1A/RAD51AP1/IL6/MYC/FGF10",5
"GO:0060562","BP","GO:0060562","epithelial tube morphogenesis","6/44","325/18723",0.000105768214216734,0.00182101870650723,0.00108275784913331,"FGFR2/EDN1/SDC4/MYC/FGF10/FGF1",6
"GO:0019221","BP","GO:0019221","cytokine-mediated signaling pathway","7/44","472/18723",0.00010577068963256,0.00182101870650723,0.00108275784913331,"EDN1/CXCL9/ISG15/IL6/IL2RB/EDN2/FCER1G",7
"GO:0045740","BP","GO:0045740","positive regulation of DNA replication","3/44","40/18723",0.000112586398557836,0.00192234297041727,0.00114300415064806,"CDT1/JUN/CDK1",3
"GO:0006275","BP","GO:0006275","regulation of DNA replication","4/44","107/18723",0.000114780395675602,0.00194374014316225,0.00115572667604338,"CDT1/JUN/CCNA2/CDK1",4
"GO:0043410","BP","GO:0043410","positive regulation of MAPK cascade","7/44","480/18723",0.000117414396688908,0.00197218002893727,0.00117263672174545,"FGFR2/TLR3/EDN1/IL6/FGF10/FGF1/EDN3",7
"GO:0048286","BP","GO:0048286","lung alveolus development","3/44","41/18723",0.000121275762949893,0.00198853750995617,0.00118236270144131,"FGFR2/FGF10/EDN2",3
"GO:0055023","BP","GO:0055023","positive regulation of cardiac muscle tissue growth","3/44","41/18723",0.000121275762949893,0.00198853750995617,0.00118236270144131,"FGFR2/EDN1/CDK1",3
"GO:1903524","BP","GO:1903524","positive regulation of blood circulation","3/44","41/18723",0.000121275762949893,0.00198853750995617,0.00118236270144131,"EDN1/EDN3/EDN2",3
"GO:0007623","BP","GO:0007623","circadian rhythm","5/44","210/18723",0.000128773392853685,0.0020948490522497,0.00124557438425404,"PPARGC1A/TYMS/JUN/TOP2A/CDK1",5
"GO:0001655","BP","GO:0001655","urogenital system development","6/44","338/18723",0.000131062084732138,0.00211542396137967,0.00125780800067768,"FGFR2/SDC1/SDC4/MYC/FGF10/FGF1",6
"GO:0043583","BP","GO:0043583","ear development","5/44","213/18723",0.000137613826070654,0.00220395476482149,0.00131044745021994,"FGFR2/EDN1/SDC4/FGF10/CCNA2",5
"GO:0045840","BP","GO:0045840","positive regulation of mitotic nuclear division","3/44","43/18723",0.000139940353981858,0.00222397516405015,0.00132235136110792,"EDN1/CDT1/EDN3",3
"GO:0060421","BP","GO:0060421","positive regulation of heart growth","3/44","45/18723",0.000160380297391451,0.0025293564458835,0.00150392773849597,"FGFR2/EDN1/CDK1",3
"GO:0022612","BP","GO:0022612","gland morphogenesis","4/44","118/18723",0.000167506267666169,0.0026217268863508,0.00155885019430957,"FGFR2/IL6/FGF10/FGF1",4
"GO:0007052","BP","GO:0007052","mitotic spindle organization","4/44","120/18723",0.000178699062265565,0.0027758816739899,0.00165050894866573,"CDC20/SPC25/CENPE/PRC1",4
"GO:0051052","BP","GO:0051052","regulation of DNA metabolic process","6/44","359/18723",0.000181868640854434,0.00279549244143101,0.00166216929696336,"PPARGC1A/CDT1/RAD51AP1/IL6/MYC/FGF10",6
"GO:0003044","BP","GO:0003044","regulation of systemic arterial blood pressure mediated by a chemical signal","3/44","47/18723",0.000182667705514611,0.00279549244143101,0.00166216929696336,"EDN1/EDN3/EDN2",3
"GO:0002688","BP","GO:0002688","regulation of leukocyte chemotaxis","4/44","122/18723",0.000190422618409007,0.00289274360024271,0.00171999377463863,"EDN1/IL6/EDN3/EDN2",4
"GO:0048146","BP","GO:0048146","positive regulation of fibroblast proliferation","3/44","48/18723",0.000194526455093674,0.00293351573885789,0.00174423644329096,"MYC/FGF10/CCNA2",3
"GO:0051445","BP","GO:0051445","regulation of meiotic cell cycle","3/44","49/18723",0.000206873635238603,0.00309710819132575,0.00184150673015598,"ASPM/RAD51AP1/CDC20",3
"GO:0050900","BP","GO:0050900","leukocyte migration","6/44","369/18723",0.000210990164068206,0.00313601207888428,0.00186463855711925,"EDN1/CXCL9/IL6/EDN3/EDN2/FCER1G",6
"GO:0048762","BP","GO:0048762","mesenchymal cell differentiation","5/44","236/18723",0.0002218223789518,0.00327346453510299,0.00194636628749436,"FGFR2/EDN1/IL6/FGF10/EDN3",5
"GO:0071600","BP","GO:0071600","otic vesicle morphogenesis","2/44","10/18723",0.000239998404028055,0.00351657235973023,0.00209091554685136,"FGFR2/FGF10",2
"GO:0042476","BP","GO:0042476","odontogenesis","4/44","130/18723",0.000242922937957647,0.00353435767479225,0.00210149050108654,"FGFR2/EDN1/SDC1/FGF10",4
"GO:0042692","BP","GO:0042692","muscle cell differentiation","6/44","384/18723",0.000261463701589494,0.00377751054184542,0.00224606654217843,"FGFR2/EDN1/SDC1/CXCL9/FGF10/CDK1",6
"GO:0045860","BP","GO:0045860","positive regulation of protein kinase activity","6/44","386/18723",0.000268856003333878,0.00385733682560966,0.00229353037931751,"TLR3/EDN1/SDC4/FGF1/EDN3/CENPE",6
"GO:0002687","BP","GO:0002687","positive regulation of leukocyte migration","4/44","135/18723",0.000280598007724805,0.00399803782040998,0.0023771896552802,"EDN1/IL6/EDN3/EDN2",4
"GO:0048016","BP","GO:0048016","inositol phosphate-mediated signaling","3/44","55/18723",0.000291697486832834,0.00403411540397571,0.00239864099273432,"EDN1/EDN3/EDN2",3
"GO:0014820","BP","GO:0014820","tonic smooth muscle contraction","2/44","11/18723",0.000292893180346736,0.00403411540397571,0.00239864099273432,"EDN1/EDN2",2
"GO:0060174","BP","GO:0060174","limb bud formation","2/44","11/18723",0.000292893180346736,0.00403411540397571,0.00239864099273432,"FGFR2/FGF10",2
"GO:0070601","BP","GO:0070601","centromeric sister chromatid cohesion","2/44","11/18723",0.000292893180346736,0.00403411540397571,0.00239864099273432,"BUB1/BUB1B",2
"GO:0090205","BP","GO:0090205","positive regulation of cholesterol metabolic process","2/44","11/18723",0.000292893180346736,0.00403411540397571,0.00239864099273432,"CYP7A1/FGF1",2
"GO:0045471","BP","GO:0045471","response to ethanol","4/44","137/18723",0.000296782385906444,0.00406061198200473,0.00241439556885898,"TYMS/FGFR2/CYP7A1/CDK1",4
"GO:0046622","BP","GO:0046622","positive regulation of organ growth","3/44","56/18723",0.000307704196588644,0.00415501222321659,0.00247052492204298,"FGFR2/EDN1/CDK1",3
"GO:0051653","BP","GO:0051653","spindle localization","3/44","56/18723",0.000307704196588644,0.00415501222321659,0.00247052492204298,"ASPM/FGF10/MAD2L1",3
"GO:0030217","BP","GO:0030217","T cell differentiation","5/44","257/18723",0.00032870862710628,0.00440981833507516,0.00262202985531804,"IL6/CD3G/CD3D/FCER1G/CD3E",5
"GO:0060601","BP","GO:0060601","lateral sprouting from an epithelium","2/44","12/18723",0.000350946836891027,0.0046777817097862,0.00278135795349289,"FGFR2/FGF10",2
"GO:0051353","BP","GO:0051353","positive regulation of oxidoreductase activity","3/44","59/18723",0.000359095388805598,0.00475571200815619,0.00282769445840845,"EDN1/EDN3/EDN2",3
"GO:0042542","BP","GO:0042542","response to hydrogen peroxide","4/44","146/18723",0.000378006276669633,0.00497427367897747,0.0029576488425978,"SDC1/IL6/JUN/CDK1",4
"GO:0051384","BP","GO:0051384","response to glucocorticoid","4/44","148/18723",0.000398015234248597,0.00520442705036456,0.00309449552543713,"TYMS/EDN1/SDC1/IL6",4
"GO:0007062","BP","GO:0007062","sister chromatid cohesion","3/44","62/18723",0.000415713586755285,0.0054016620769586,0.00321176931971809,"BUB1/CDC20/BUB1B",3
"GO:0071456","BP","GO:0071456","cellular response to hypoxia","4/44","151/18723",0.000429433977972324,0.00554506624056763,0.0032970358703533,"PPARGC1A/EDN1/MYC/CCNA2",4
"GO:0032103","BP","GO:0032103","positive regulation of response to external stimulus","6/44","427/18723",0.000460362567073116,0.0059075097116339,0.0035125408027089,"TLR3/EDN1/IL6/FGF10/EDN3/EDN2",6
"GO:0048645","BP","GO:0048645","animal organ formation","3/44","65/18723",0.000477773715530958,0.00607753124750386,0.00361363375240078,"FGFR2/FGF10/FGF1",3
"GO:0032966","BP","GO:0032966","negative regulation of collagen biosynthetic process","2/44","14/18723",0.000482437136781526,0.00607753124750386,0.00361363375240078,"CYP7A1/IL6",2
"GO:0055057","BP","GO:0055057","neuroblast division","2/44","14/18723",0.000482437136781526,0.00607753124750386,0.00361363375240078,"FGFR2/ASPM",2
"GO:0019229","BP","GO:0019229","regulation of vasoconstriction","3/44","66/18723",0.000499706176113217,0.00625692702939338,0.0037203005264697,"EDN1/EDN3/EDN2",3
"GO:0036294","BP","GO:0036294","cellular response to decreased oxygen levels","4/44","161/18723",0.000546994916345809,0.00675493461298443,0.00401641040064851,"PPARGC1A/EDN1/MYC/CCNA2",4
"GO:0010713","BP","GO:0010713","negative regulation of collagen metabolic process","2/44","15/18723",0.00055582714627655,0.00675493461298443,0.00401641040064851,"CYP7A1/IL6",2
"GO:0051315","BP","GO:0051315","attachment of mitotic spindle microtubules to kinetochore","2/44","15/18723",0.00055582714627655,0.00675493461298443,0.00401641040064851,"CDT1/CENPE",2
"GO:0071599","BP","GO:0071599","otic vesicle development","2/44","15/18723",0.00055582714627655,0.00675493461298443,0.00401641040064851,"FGFR2/FGF10",2
"GO:1903543","BP","GO:1903543","positive regulation of exosomal secretion","2/44","15/18723",0.00055582714627655,0.00675493461298443,0.00401641040064851,"SDC1/SDC4",2
"GO:0050810","BP","GO:0050810","regulation of steroid biosynthetic process","3/44","69/18723",0.000569347991380018,0.00683879622204138,0.00406627359816696,"PPARGC1A/CYP7A1/FGF1",3
"GO:0070192","BP","GO:0070192","chromosome organization involved in meiotic cell cycle","3/44","69/18723",0.000569347991380018,0.00683879622204138,0.00406627359816696,"BUB1/BUB1B/PSMC3IP",3
"GO:0006979","BP","GO:0006979","response to oxidative stress","6/44","446/18723",0.000579141518746074,0.00691622183658606,0.00411231002358788,"PPARGC1A/EDN1/SDC1/IL6/JUN/CDK1",6
"GO:0046661","BP","GO:0046661","male sex differentiation","4/44","165/18723",0.000599867759519728,0.00712256776533194,0.00423500106085615,"ASPM/TLR3/SDC1/FGF10",4
"GO:0031960","BP","GO:0031960","response to corticosteroid","4/44","167/18723",0.000627622571957785,0.00728015665769848,0.00432870169640502,"TYMS/EDN1/SDC1/IL6",4
"GO:0048557","BP","GO:0048557","embryonic digestive tract morphogenesis","2/44","16/18723",0.000634282767853692,0.00728015665769848,0.00432870169640502,"FGFR2/FGF10",2
"GO:0060572","BP","GO:0060572","morphogenesis of an epithelial bud","2/44","16/18723",0.000634282767853692,0.00728015665769848,0.00432870169640502,"FGFR2/FGF10",2
"GO:0090231","BP","GO:0090231","regulation of spindle checkpoint","2/44","16/18723",0.000634282767853692,0.00728015665769848,0.00432870169640502,"CDT1/MAD2L1",2
"GO:0090266","BP","GO:0090266","regulation of mitotic cell cycle spindle assembly checkpoint","2/44","16/18723",0.000634282767853692,0.00728015665769848,0.00432870169640502,"CDT1/MAD2L1",2
"GO:1903504","BP","GO:1903504","regulation of mitotic spindle checkpoint","2/44","16/18723",0.000634282767853692,0.00728015665769848,0.00432870169640502,"CDT1/MAD2L1",2
"GO:0032729","BP","GO:0032729","positive regulation of interferon-gamma production","3/44","72/18723",0.00064491408711024,0.00728410457869604,0.00433104908714438,"TLR3/ISG15/CD3E",3
"GO:0055021","BP","GO:0055021","regulation of cardiac muscle tissue growth","3/44","72/18723",0.00064491408711024,0.00728410457869604,0.00433104908714438,"FGFR2/EDN1/CDK1",3
"GO:0048511","BP","GO:0048511","rhythmic process","5/44","298/18723",0.000645203842159427,0.00728410457869604,0.00433104908714438,"PPARGC1A/TYMS/JUN/TOP2A/CDK1",5
"GO:0006310","BP","GO:0006310","DNA recombination","5/44","305/18723",0.000716443353497722,0.00797277038293133,0.00474052225856262,"MND1/RAD51AP1/RAD51AP2/PSMC3IP/TOP2A",5
"GO:0071371","BP","GO:0071371","cellular response to gonadotropin stimulus","2/44","17/18723",0.000717780876682104,0.00797277038293133,0.00474052225856262,"PPARGC1A/CCNA2",2
"GO:1903541","BP","GO:1903541","regulation of exosomal secretion","2/44","17/18723",0.000717780876682104,0.00797277038293133,0.00474052225856262,"SDC1/SDC4",2
"GO:0033077","BP","GO:0033077","T cell differentiation in thymus","3/44","75/18723",0.000726603140049393,0.00802760474514463,0.00477312617189778,"CD3G/CD3D/CD3E",3
"GO:0030324","BP","GO:0030324","lung development","4/44","177/18723",0.000780236730337089,0.00852893695701813,0.00507121283376989,"FGFR2/FGF10/FGF1/EDN2",4
"GO:0071453","BP","GO:0071453","cellular response to oxygen levels","4/44","177/18723",0.000780236730337089,0.00852893695701813,0.00507121283376989,"PPARGC1A/EDN1/MYC/CCNA2",4
"GO:0035265","BP","GO:0035265","organ growth","4/44","178/18723",0.000796815876021413,0.00866432420979073,0.00515171261671462,"FGFR2/EDN1/FGF10/CDK1",4
"GO:0051782","BP","GO:0051782","negative regulation of cell division","2/44","18/18723",0.000806298424373854,0.00867610700393949,0.00515871853752351,"ASPM/MYC",2
"GO:1902170","BP","GO:1902170","cellular response to reactive nitrogen species","2/44","18/18723",0.000806298424373854,0.00867610700393949,0.00515871853752351,"PPARGC1A/CCNA2",2
"GO:0060420","BP","GO:0060420","regulation of heart growth","3/44","79/18723",0.000845381016078496,0.00903128077820869,0.00536990098750168,"FGFR2/EDN1/CDK1",3
"GO:0030323","BP","GO:0030323","respiratory tube development","4/44","181/18723",0.000848048630674001,0.00903128077820869,0.00536990098750168,"FGFR2/FGF10/FGF1/EDN2",4
"GO:0048145","BP","GO:0048145","regulation of fibroblast proliferation","3/44","80/18723",0.000876882780232326,0.00929046063569223,0.0055240065021923,"MYC/FGF10/CCNA2",3
"GO:0008589","BP","GO:0008589","regulation of smoothened signaling pathway","3/44","81/18723",0.000909121226327559,0.00953423580503927,0.00566895255743661,"FGFR2/FGF10/CD3E",3
"GO:0048144","BP","GO:0048144","fibroblast proliferation","3/44","81/18723",0.000909121226327559,0.00953423580503927,0.00566895255743661,"MYC/FGF10/CCNA2",3
"GO:0042110","BP","GO:0042110","T cell activation","6/44","487/18723",0.0009164017964429,0.0095620510679345,0.0056854912091912,"SDC4/IL6/CD3G/CD3D/FCER1G/CD3E",6
"GO:0008543","BP","GO:0008543","fibroblast growth factor receptor signaling pathway","3/44","82/18723",0.000942103137461399,0.00973192540997625,0.00578649663903922,"FGFR2/FGF10/FGF1",3
"GO:0046889","BP","GO:0046889","positive regulation of lipid biosynthetic process","3/44","82/18723",0.000942103137461399,0.00973192540997625,0.00578649663903922,"PPARGC1A/CYP7A1/FGF1",3
"GO:0050886","BP","GO:0050886","endocrine process","3/44","83/18723",0.000975835240662229,0.00998818986155198,0.00593886868519446,"EDN1/EDN3/EDN2",3
"GO:0048839","BP","GO:0048839","inner ear development","4/44","188/18723",0.000976580034866166,0.00998818986155198,0.00593886868519446,"FGFR2/SDC4/FGF10/CCNA2",4
"GO:1990182","BP","GO:1990182","exosomal secretion","2/44","20/18723",0.000998300023699376,0.0101600386648419,0.0060410481081523,"SDC1/SDC4",2
"GO:0042310","BP","GO:0042310","vasoconstriction","3/44","84/18723",0.00101032420714667,0.0102320088821815,0.00608384081393276,"EDN1/EDN3/EDN2",3
"GO:0070371","BP","GO:0070371","ERK1 and ERK2 cascade","5/44","330/18723",0.00101981357779302,0.0102777309840019,0.00611102667668527,"FGFR2/MYC/FGF10/FGF1/CDK1",5
"GO:0045655","BP","GO:0045655","regulation of monocyte differentiation","2/44","21/18723",0.00110173835880767,0.0109432281216184,0.00650672401178414,"JUN/MYC",2
"GO:0060445","BP","GO:0060445","branching involved in salivary gland morphogenesis","2/44","21/18723",0.00110173835880767,0.0109432281216184,0.00650672401178414,"FGFR2/FGF10",2
"GO:0097734","BP","GO:0097734","extracellular exosome biogenesis","2/44","21/18723",0.00110173835880767,0.0109432281216184,0.00650672401178414,"SDC1/SDC4",2
"GO:0007568","BP","GO:0007568","aging","5/44","339/18723",0.00114955082946765,0.0113635024577998,0.00675661454539787,"PPARGC1A/TYMS/EDN1/JUN/CDK1",5
"GO:0002053","BP","GO:0002053","positive regulation of mesenchymal cell proliferation","2/44","22/18723",0.00121010469929407,0.0116825995735587,0.00694634620794974,"FGFR2/MYC",2
"GO:0045540","BP","GO:0045540","regulation of cholesterol biosynthetic process","2/44","22/18723",0.00121010469929407,0.0116825995735587,0.00694634620794974,"CYP7A1/FGF1",2
"GO:0072574","BP","GO:0072574","hepatocyte proliferation","2/44","22/18723",0.00121010469929407,0.0116825995735587,0.00694634620794974,"IL6/FGF1",2
"GO:0072575","BP","GO:0072575","epithelial cell proliferation involved in liver morphogenesis","2/44","22/18723",0.00121010469929407,0.0116825995735587,0.00694634620794974,"IL6/FGF1",2
"GO:0106118","BP","GO:0106118","regulation of sterol biosynthetic process","2/44","22/18723",0.00121010469929407,0.0116825995735587,0.00694634620794974,"CYP7A1/FGF1",2
"GO:0060541","BP","GO:0060541","respiratory system development","4/44","203/18723",0.00129722865139548,0.012427707237427,0.00738937909312545,"FGFR2/FGF10/FGF1/EDN2",4
"GO:0001759","BP","GO:0001759","organ induction","2/44","23/18723",0.00132337637571827,0.012427707237427,0.00738937909312545,"FGF10/FGF1",2
"GO:0051383","BP","GO:0051383","kinetochore organization","2/44","23/18723",0.00132337637571827,0.012427707237427,0.00738937909312545,"CDT1/CENPE",2
"GO:0072576","BP","GO:0072576","liver morphogenesis","2/44","23/18723",0.00132337637571827,0.012427707237427,0.00738937909312545,"IL6/FGF1",2
"GO:0140112","BP","GO:0140112","extracellular vesicle biogenesis","2/44","23/18723",0.00132337637571827,0.012427707237427,0.00738937909312545,"SDC1/SDC4",2
"GO:1904666","BP","GO:1904666","regulation of ubiquitin protein ligase activity","2/44","23/18723",0.00132337637571827,0.012427707237427,0.00738937909312545,"CDC20/MAD2L1",2
"GO:0060993","BP","GO:0060993","kidney morphogenesis","3/44","93/18723",0.00135585720528642,0.0126180224600078,0.00750253844745968,"MYC/FGF10/FGF1",3
"GO:1901992","BP","GO:1901992","positive regulation of mitotic cell cycle phase transition","3/44","93/18723",0.00135585720528642,0.0126180224600078,0.00750253844745968,"CDT1/FGF10/CDK1",3
"GO:0050679","BP","GO:0050679","positive regulation of epithelial cell proliferation","4/44","207/18723",0.00139383321185852,0.0129132709224202,0.00767808996100492,"FGFR2/MYC/FGF10/FGF1",4
"GO:0044321","BP","GO:0044321","response to leptin","2/44","24/18723",0.00144153079378006,0.0132364560886649,0.00787025233376063,"EDN1/CCNA2",2
"GO:0060571","BP","GO:0060571","morphogenesis of an epithelial fold","2/44","24/18723",0.00144153079378006,0.0132364560886649,0.00787025233376063,"FGFR2/FGF10",2
"GO:0002685","BP","GO:0002685","regulation of leukocyte migration","4/44","210/18723",0.00146951274019187,0.0133745080230678,0.00795233650732164,"EDN1/IL6/EDN3/EDN2",4
"GO:0045637","BP","GO:0045637","regulation of myeloid cell differentiation","4/44","210/18723",0.00146951274019187,0.0133745080230678,0.00795233650732164,"TLR3/ISG15/JUN/MYC",4
"GO:0003073","BP","GO:0003073","regulation of systemic arterial blood pressure","3/44","96/18723",0.00148558039241453,0.0134026597848402,0.00796907523763619,"EDN1/EDN3/EDN2",3
"GO:0055017","BP","GO:0055017","cardiac muscle tissue growth","3/44","96/18723",0.00148558039241453,0.0134026597848402,0.00796907523763619,"FGFR2/EDN1/CDK1",3
"GO:0032753","BP","GO:0032753","positive regulation of interleukin-4 production","2/44","25/18723",0.00156454543410422,0.0139325468399109,0.00828414029763897,"FCER1G/CD3E",2
"GO:0060740","BP","GO:0060740","prostate gland epithelium morphogenesis","2/44","25/18723",0.00156454543410422,0.0139325468399109,0.00828414029763897,"FGFR2/FGF10",2
"GO:1902932","BP","GO:1902932","positive regulation of alcohol biosynthetic process","2/44","25/18723",0.00156454543410422,0.0139325468399109,0.00828414029763897,"CYP7A1/FGF1",2
"GO:0140694","BP","GO:0140694","non-membrane-bounded organelle assembly","5/44","367/18723",0.00163221160632536,0.0144727432560867,0.00860533519124325,"ASPM/EDN1/CDC20/CENPE/PRC1",5
"GO:0019218","BP","GO:0019218","regulation of steroid metabolic process","3/44","100/18723",0.00167031239974834,0.0147472881105986,0.00876857656548048,"PPARGC1A/CYP7A1/FGF1",3
"GO:0010038","BP","GO:0010038","response to metal ion","5/44","373/18723",0.00175254187233345,0.0154074532265571,0.00916110353869268,"PPARGC1A/EDN1/SDC1/JUN/CDK1",5
"GO:0030098","BP","GO:0030098","lymphocyte differentiation","5/44","374/18723",0.00177321491256956,0.0155231441074946,0.00922989207390133,"IL6/CD3G/CD3D/FCER1G/CD3E",5
"GO:0018108","BP","GO:0018108","peptidyl-tyrosine phosphorylation","5/44","375/18723",0.00179406703046308,0.0156394197676655,0.00929902831246022,"FGFR2/IL6/PBK/FGF10/CD3E",5
"GO:0002027","BP","GO:0002027","regulation of heart rate","3/44","103/18723",0.00181789157625545,0.0156950981656921,0.00933213408027852,"EDN1/EDN3/EDN2",3
"GO:0034698","BP","GO:0034698","response to gonadotropin","2/44","27/18723",0.0018250656773766,0.0156950981656921,0.00933213408027852,"PPARGC1A/CCNA2",2
"GO:0060512","BP","GO:0060512","prostate gland morphogenesis","2/44","27/18723",0.0018250656773766,0.0156950981656921,0.00933213408027852,"FGFR2/FGF10",2
"GO:0002274","BP","GO:0002274","myeloid leukocyte activation","4/44","223/18723",0.00183084155756621,0.0156950981656921,0.00933213408027852,"TLR3/IL6/EDN2/FCER1G",4
"GO:0018212","BP","GO:0018212","peptidyl-tyrosine modification","5/44","378/18723",0.00185770727941985,0.0158596001623199,0.00942994517217471,"FGFR2/IL6/PBK/FGF10/CD3E",5
"GO:0060419","BP","GO:0060419","heart growth","3/44","104/18723",0.00186883505128738,0.0158889432755544,0.00944739226706678,"FGFR2/EDN1/CDK1",3
"GO:0050670","BP","GO:0050670","regulation of lymphocyte proliferation","4/44","225/18723",0.00189143061000038,0.0160151460666426,0.00952243106932892,"SDC4/IL6/FGF10/CD3E",4
"GO:2001022","BP","GO:2001022","positive regulation of response to DNA damage stimulus","3/44","105/18723",0.00192066303821139,0.0161146452017543,0.00958159216917881,"RAD51AP1/MYC/FGF10",3
"GO:0071241","BP","GO:0071241","cellular response to inorganic substance","4/44","226/18723",0.00192224151474023,0.0161146452017543,0.00958159216917881,"PPARGC1A/EDN1/JUN/CCNA2",4
"GO:0032944","BP","GO:0032944","regulation of mononuclear cell proliferation","4/44","227/18723",0.00195339939062534,0.0161146452017543,0.00958159216917881,"SDC4/IL6/FGF10/CD3E",4
"GO:0003156","BP","GO:0003156","regulation of animal organ formation","2/44","28/18723",0.00196252661427072,0.0161146452017543,0.00958159216917881,"FGF10/FGF1",2
"GO:0010464","BP","GO:0010464","regulation of mesenchymal cell proliferation","2/44","28/18723",0.00196252661427072,0.0161146452017543,0.00958159216917881,"FGFR2/MYC",2
"GO:0030262","BP","GO:0030262","apoptotic nuclear changes","2/44","28/18723",0.00196252661427072,0.0161146452017543,0.00958159216917881,"IL6/TOP2A",2
"GO:0042116","BP","GO:0042116","macrophage activation","3/44","106/18723",0.00197338104358366,0.0161146452017543,0.00958159216917881,"TLR3/IL6/EDN2",3
"GO:0046620","BP","GO:0046620","regulation of organ growth","3/44","106/18723",0.00197338104358366,0.0161146452017543,0.00958159216917881,"FGFR2/EDN1/CDK1",3
"GO:0090263","BP","GO:0090263","positive regulation of canonical Wnt signaling pathway","3/44","106/18723",0.00197338104358366,0.0161146452017543,0.00958159216917881,"FGFR2/ASPM/FGF10",3
"GO:0051341","BP","GO:0051341","regulation of oxidoreductase activity","3/44","107/18723",0.00202699452381178,0.0164872861661226,0.00980316041976107,"EDN1/EDN3/EDN2",3
"GO:0031069","BP","GO:0031069","hair follicle morphogenesis","2/44","29/18723",0.00210475844089263,0.0169860583550163,0.0100997249199083,"FGFR2/FGF10",2
"GO:0060441","BP","GO:0060441","epithelial tube branching involved in lung morphogenesis","2/44","29/18723",0.00210475844089263,0.0169860583550163,0.0100997249199083,"FGFR2/FGF10",2
"GO:0006939","BP","GO:0006939","smooth muscle contraction","3/44","110/18723",0.00219326163042029,0.0176314339628339,0.0104834582129858,"EDN1/EDN3/EDN2",3
"GO:0000132","BP","GO:0000132","establishment of mitotic spindle orientation","2/44","30/18723",0.00225173900928432,0.0178926645891593,0.0106387830924486,"FGF10/MAD2L1",2
"GO:0006921","BP","GO:0006921","cellular component disassembly involved in execution phase of apoptosis","2/44","30/18723",0.00225173900928432,0.0178926645891593,0.0106387830924486,"IL6/TOP2A",2
"GO:0060603","BP","GO:0060603","mammary gland duct morphogenesis","2/44","30/18723",0.00225173900928432,0.0178926645891593,0.0106387830924486,"FGFR2/FGF10",2
"GO:0032609","BP","GO:0032609","interferon-gamma production","3/44","112/18723",0.00230868154127165,0.0181358785713582,0.0107833954719392,"TLR3/ISG15/CD3E",3
"GO:0032649","BP","GO:0032649","regulation of interferon-gamma production","3/44","112/18723",0.00230868154127165,0.0181358785713582,0.0107833954719392,"TLR3/ISG15/CD3E",3
"GO:0043406","BP","GO:0043406","positive regulation of MAP kinase activity","3/44","112/18723",0.00230868154127165,0.0181358785713582,0.0107833954719392,"EDN1/FGF1/EDN3",3
"GO:0044344","BP","GO:0044344","cellular response to fibroblast growth factor stimulus","3/44","113/18723",0.00236777967645513,0.0184591819421788,0.0109756281278457,"FGFR2/FGF10/FGF1",3
"GO:0001516","BP","GO:0001516","prostaglandin biosynthetic process","2/44","31/18723",0.00240344624513364,0.0184591819421788,0.0109756281278457,"EDN1/EDN2",2
"GO:0045987","BP","GO:0045987","positive regulation of smooth muscle contraction","2/44","31/18723",0.00240344624513364,0.0184591819421788,0.0109756281278457,"EDN1/EDN2",2
"GO:0046457","BP","GO:0046457","prostanoid biosynthetic process","2/44","31/18723",0.00240344624513364,0.0184591819421788,0.0109756281278457,"EDN1/EDN2",2
"GO:0048566","BP","GO:0048566","embryonic digestive tract development","2/44","31/18723",0.00240344624513364,0.0184591819421788,0.0109756281278457,"FGFR2/FGF10",2
"GO:0060045","BP","GO:0060045","positive regulation of cardiac muscle cell proliferation","2/44","31/18723",0.00240344624513364,0.0184591819421788,0.0109756281278457,"FGFR2/CDK1",2
"GO:0042471","BP","GO:0042471","ear morphogenesis","3/44","115/18723",0.00248877786615502,0.018973487348621,0.0112814285096248,"FGFR2/EDN1/FGF10",3
"GO:1901989","BP","GO:1901989","positive regulation of cell cycle phase transition","3/44","115/18723",0.00248877786615502,0.018973487348621,0.0112814285096248,"CDT1/FGF10/CDK1",3
"GO:0007435","BP","GO:0007435","salivary gland morphogenesis","2/44","32/18723",0.00255985814756299,0.0193724063474913,0.0115186213927357,"FGFR2/FGF10",2
"GO:0051642","BP","GO:0051642","centrosome localization","2/44","32/18723",0.00255985814756299,0.0193724063474913,0.0115186213927357,"ASPM/MAD2L1",2
"GO:0070663","BP","GO:0070663","regulation of leukocyte proliferation","4/44","245/18723",0.00257588327227838,0.0194225359143326,0.0115484278860886,"SDC4/IL6/FGF10/CD3E",4
"GO:0051225","BP","GO:0051225","spindle assembly","3/44","117/18723",0.00261354546576924,0.0196348542991973,0.0116746700805845,"ASPM/CDC20/PRC1",3
"GO:0032633","BP","GO:0032633","interleukin-4 production","2/44","33/18723",0.00272095278891868,0.020005297017459,0.0118949312780225,"FCER1G/CD3E",2
"GO:0032673","BP","GO:0032673","regulation of interleukin-4 production","2/44","33/18723",0.00272095278891868,0.020005297017459,0.0118949312780225,"FCER1G/CD3E",2
"GO:0040020","BP","GO:0040020","regulation of meiotic nuclear division","2/44","33/18723",0.00272095278891868,0.020005297017459,0.0118949312780225,"RAD51AP1/CDC20",2
"GO:0048730","BP","GO:0048730","epidermis morphogenesis","2/44","33/18723",0.00272095278891868,0.020005297017459,0.0118949312780225,"FGFR2/FGF10",2
"GO:0061842","BP","GO:0061842","microtubule organizing center localization","2/44","33/18723",0.00272095278891868,0.020005297017459,0.0118949312780225,"ASPM/MAD2L1",2
"GO:1901976","BP","GO:1901976","regulation of cell cycle checkpoint","2/44","33/18723",0.00272095278891868,0.020005297017459,0.0118949312780225,"CDT1/MAD2L1",2
"GO:0071560","BP","GO:0071560","cellular response to transforming growth factor beta stimulus","4/44","250/18723",0.00277044771386184,0.0202969680029736,0.0120683556628472,"PPARGC1A/FGFR2/EDN1/JUN",4
"GO:0002761","BP","GO:0002761","regulation of myeloid leukocyte differentiation","3/44","120/18723",0.0028078508212431,0.0204261260446769,0.0121451516248729,"TLR3/JUN/MYC",3
"GO:0071774","BP","GO:0071774","response to fibroblast growth factor","3/44","120/18723",0.0028078508212431,0.0204261260446769,0.0121451516248729,"FGFR2/FGF10/FGF1",3
"GO:0042752","BP","GO:0042752","regulation of circadian rhythm","3/44","121/18723",0.00287454634458699,0.0206736694144489,0.0122923382109654,"PPARGC1A/TOP2A/CDK1",3
"GO:0045931","BP","GO:0045931","positive regulation of mitotic cell cycle","3/44","121/18723",0.00287454634458699,0.0206736694144489,0.0122923382109654,"CDT1/FGF10/CDK1",3
"GO:0007431","BP","GO:0007431","salivary gland development","2/44","34/18723",0.00288670831456079,0.0206736694144489,0.0122923382109654,"FGFR2/FGF10",2
"GO:0031128","BP","GO:0031128","developmental induction","2/44","34/18723",0.00288670831456079,0.0206736694144489,0.0122923382109654,"FGF10/FGF1",2
"GO:0097305","BP","GO:0097305","response to alcohol","4/44","253/18723",0.00289191213009474,0.0206736694144489,0.0122923382109654,"TYMS/FGFR2/CYP7A1/CDK1",4
"GO:0071559","BP","GO:0071559","response to transforming growth factor beta","4/44","256/18723",0.00301698578719077,0.0214100836593974,0.0127302020841274,"PPARGC1A/FGFR2/EDN1/JUN",4
"GO:0048608","BP","GO:0048608","reproductive structure development","5/44","424/18723",0.00305501476353652,0.0214100836593974,0.0127302020841274,"FGFR2/ASPM/TLR3/SDC1/FGF10",5
"GO:0010837","BP","GO:0010837","regulation of keratinocyte proliferation","2/44","35/18723",0.00305710294265355,0.0214100836593974,0.0127302020841274,"FGFR2/FGF10",2
"GO:0040001","BP","GO:0040001","establishment of mitotic spindle localization","2/44","35/18723",0.00305710294265355,0.0214100836593974,0.0127302020841274,"FGF10/MAD2L1",2
"GO:0090181","BP","GO:0090181","regulation of cholesterol metabolic process","2/44","35/18723",0.00305710294265355,0.0214100836593974,0.0127302020841274,"CYP7A1/FGF1",2
"GO:0097421","BP","GO:0097421","liver regeneration","2/44","35/18723",0.00305710294265355,0.0214100836593974,0.0127302020841274,"TYMS/IL6",2
"GO:0061458","BP","GO:0061458","reproductive system development","5/44","427/18723",0.00314876932187682,0.0219197012436753,0.0130332151380084,"FGFR2/ASPM/TLR3/SDC1/FGF10",5
"GO:2000027","BP","GO:2000027","regulation of animal organ morphogenesis","3/44","125/18723",0.00315108967539766,0.0219197012436753,0.0130332151380084,"EDN1/FGF10/FGF1",3
"GO:0006260","BP","GO:0006260","DNA replication","4/44","260/18723",0.00318945624336201,0.0220381826046352,0.0131036628621844,"CDT1/JUN/CCNA2/CDK1",4
"GO:0051091","BP","GO:0051091","positive regulation of DNA-binding transcription factor activity","4/44","260/18723",0.00318945624336201,0.0220381826046352,0.0131036628621844,"PPARGC1A/TLR3/EDN1/IL6",4
"GO:0030224","BP","GO:0030224","monocyte differentiation","2/44","36/18723",0.00323211496395633,0.0221845498854943,0.0131906912499984,"JUN/MYC",2
"GO:0097009","BP","GO:0097009","energy homeostasis","2/44","36/18723",0.00323211496395633,0.0221845498854943,0.0131906912499984,"PPARGC1A/EDN2",2
"GO:0048565","BP","GO:0048565","digestive tract development","3/44","127/18723",0.00329528255113994,0.0225432243399176,0.0134039551661914,"TYMS/FGFR2/FGF10",3
"GO:0051294","BP","GO:0051294","establishment of spindle orientation","2/44","37/18723",0.00341172274161514,0.0230527024772439,0.0137068853064369,"FGF10/MAD2L1",2
"GO:0060428","BP","GO:0060428","lung epithelium development","2/44","37/18723",0.00341172274161514,0.0230527024772439,0.0137068853064369,"FGFR2/FGF10",2
"GO:0051607","BP","GO:0051607","defense response to virus","4/44","265/18723",0.00341438865345432,0.0230527024772439,0.0137068853064369,"TLR3/CXCL9/ISG15/IL6",4
"GO:0140546","BP","GO:0140546","defense response to symbiont","4/44","265/18723",0.00341438865345432,0.0230527024772439,0.0137068853064369,"TLR3/CXCL9/ISG15/IL6",4
"GO:0048732","BP","GO:0048732","gland development","5/44","436/18723",0.00344255492202019,0.0231671611364616,0.0137749411760589,"TYMS/FGFR2/IL6/FGF10/FGF1",5
"GO:0050673","BP","GO:0050673","epithelial cell proliferation","5/44","437/18723",0.00347637823024266,0.0233188228041602,0.0138651175485071,"FGFR2/IL6/MYC/FGF10/FGF1",5
"GO:0019827","BP","GO:0019827","stem cell population maintenance","3/44","131/18723",0.00359568989676614,0.0238113433744626,0.0141579649044672,"ASPM/MYC/FGF10",3
"GO:0046683","BP","GO:0046683","response to organophosphorus","3/44","131/18723",0.00359568989676614,0.0238113433744626,0.0141579649044672,"TYMS/SDC1/JUN",3
"GO:0071392","BP","GO:0071392","cellular response to estradiol stimulus","2/44","38/18723",0.00359590471095466,0.0238113433744626,0.0141579649044672,"PPARGC1A/CCNA2",2
"GO:0071398","BP","GO:0071398","cellular response to fatty acid","2/44","38/18723",0.00359590471095466,0.0238113433744626,0.0141579649044672,"PPARGC1A/EDN1",2
"GO:0072175","BP","GO:0072175","epithelial tube formation","3/44","132/18723",0.00367332163768074,0.0242418434528245,0.0144139355527825,"FGFR2/SDC4/FGF10",3
"GO:0022411","BP","GO:0022411","cellular component disassembly","5/44","443/18723",0.00368438472613112,0.0242418434528245,0.0144139355527825,"PPARGC1A/IL6/MYC/TOP2A/CDK1",5
"GO:0010463","BP","GO:0010463","mesenchymal cell proliferation","2/44","39/18723",0.00378463937927088,0.0245882545835649,0.0146199078305499,"FGFR2/MYC",2
"GO:0016572","BP","GO:0016572","histone phosphorylation","2/44","39/18723",0.00378463937927088,0.0245882545835649,0.0146199078305499,"CCNA2/CDK1",2
"GO:0032728","BP","GO:0032728","positive regulation of interferon-beta production","2/44","39/18723",0.00378463937927088,0.0245882545835649,0.0146199078305499,"TLR3/ISG15",2
"GO:0036297","BP","GO:0036297","interstrand cross-link repair","2/44","39/18723",0.00378463937927088,0.0245882545835649,0.0146199078305499,"RAD51AP1/RAD51AP2",2
"GO:0098727","BP","GO:0098727","maintenance of cell number","3/44","134/18723",0.0038316507900914,0.0248156443019713,0.0147551112754881,"ASPM/MYC/FGF10",3
"GO:0007548","BP","GO:0007548","sex differentiation","4/44","276/18723",0.00394691209662118,0.0254822512238105,0.0151514684761741,"ASPM/TLR3/SDC1/FGF10",4
"GO:0010543","BP","GO:0010543","regulation of platelet activation","2/44","40/18723",0.0039779053256242,0.0256023439337682,0.0152228742908786,"IL6/FCER1G",2
"GO:0050671","BP","GO:0050671","positive regulation of lymphocyte proliferation","3/44","137/18723",0.00407687086912159,0.0260768272928954,0.0155049969179237,"IL6/FGF10/CD3E",3
"GO:0055123","BP","GO:0055123","digestive system development","3/44","137/18723",0.00407687086912159,0.0260768272928954,0.0155049969179237,"TYMS/FGFR2/FGF10",3
"GO:0007224","BP","GO:0007224","smoothened signaling pathway","3/44","138/18723",0.00416068753031368,0.0264491705773171,0.0157263881712585,"FGFR2/FGF10/CD3E",3
"GO:0032946","BP","GO:0032946","positive regulation of mononuclear cell proliferation","3/44","138/18723",0.00416068753031368,0.0264491705773171,0.0157263881712585,"IL6/FGF10/CD3E",3
"GO:0032733","BP","GO:0032733","positive regulation of interleukin-10 production","2/44","41/18723",0.00417568120063313,0.0264630593880615,0.0157346463065511,"ISG15/IL6",2
"GO:1903532","BP","GO:1903532","positive regulation of secretion by cell","4/44","282/18723",0.00425991955960775,0.026914354159479,0.0160029812524135,"EDN1/SDC1/SDC4/EDN3",4
"GO:0051146","BP","GO:0051146","striated muscle cell differentiation","4/44","283/18723",0.00431367353980551,0.0270874242170559,0.0161058868198422,"EDN1/SDC1/CXCL9/CDK1",4
"GO:0030177","BP","GO:0030177","positive regulation of Wnt signaling pathway","3/44","140/18723",0.0043314596988088,0.0270874242170559,0.0161058868198422,"FGFR2/ASPM/FGF10",3
"GO:0032965","BP","GO:0032965","regulation of collagen biosynthetic process","2/44","42/18723",0.00437794572626854,0.0270874242170559,0.0161058868198422,"CYP7A1/IL6",2
"GO:0035019","BP","GO:0035019","somatic stem cell population maintenance","2/44","42/18723",0.00437794572626854,0.0270874242170559,0.0161058868198422,"MYC/FGF10",2
"GO:0071312","BP","GO:0071312","cellular response to alkaloid","2/44","42/18723",0.00437794572626854,0.0270874242170559,0.0161058868198422,"PPARGC1A/CCNA2",2
"GO:1904037","BP","GO:1904037","positive regulation of epithelial cell apoptotic process","2/44","42/18723",0.00437794572626854,0.0270874242170559,0.0161058868198422,"PPARGC1A/IL6",2
"GO:0008584","BP","GO:0008584","male gonad development","3/44","141/18723",0.00441842302088472,0.0270874242170559,0.0161058868198422,"ASPM/TLR3/SDC1",3
"GO:0032355","BP","GO:0032355","response to estradiol","3/44","141/18723",0.00441842302088472,0.0270874242170559,0.0161058868198422,"PPARGC1A/FGF10/CCNA2",3
"GO:0035296","BP","GO:0035296","regulation of tube diameter","3/44","141/18723",0.00441842302088472,0.0270874242170559,0.0161058868198422,"EDN1/EDN3/EDN2",3
"GO:0097746","BP","GO:0097746","blood vessel diameter maintenance","3/44","141/18723",0.00441842302088472,0.0270874242170559,0.0161058868198422,"EDN1/EDN3/EDN2",3
"GO:0035150","BP","GO:0035150","regulation of tube size","3/44","142/18723",0.0045064429738987,0.0274640447907809,0.0163298213027163,"EDN1/EDN3/EDN2",3
"GO:0046546","BP","GO:0046546","development of primary male sexual characteristics","3/44","142/18723",0.0045064429738987,0.0274640447907809,0.0163298213027163,"ASPM/TLR3/SDC1",3
"GO:0060443","BP","GO:0060443","mammary gland morphogenesis","2/44","43/18723",0.00458467769564838,0.0276680264281503,0.0164511065581349,"FGFR2/FGF10",2
"GO:0034599","BP","GO:0034599","cellular response to oxidative stress","4/44","288/18723",0.00458935131155003,0.0276680264281503,0.0164511065581349,"PPARGC1A/IL6/JUN/CDK1",4
"GO:0046651","BP","GO:0046651","lymphocyte proliferation","4/44","288/18723",0.00458935131155003,0.0276680264281503,0.0164511065581349,"SDC4/IL6/FGF10/CD3E",4
"GO:0062013","BP","GO:0062013","positive regulation of small molecule metabolic process","3/44","143/18723",0.00459552335935422,0.0276680264281503,0.0164511065581349,"PPARGC1A/CYP7A1/FGF1",3
"GO:0001819","BP","GO:0001819","positive regulation of cytokine production","5/44","467/18723",0.00460687371310924,0.0276680264281503,0.0164511065581349,"TLR3/ISG15/IL6/FCER1G/CD3E",5
"GO:0032943","BP","GO:0032943","mononuclear cell proliferation","4/44","291/18723",0.00476034989177046,0.0285069068881095,0.0169498957244733,"SDC4/IL6/FGF10/CD3E",4
"GO:0001667","BP","GO:0001667","ameboidal-type cell migration","5/44","475/18723",0.00494810240852558,0.0293305249624786,0.0174396100429064,"EDN1/SDC4/FGF10/FGF1/EDN3",5
"GO:0001889","BP","GO:0001889","liver development","3/44","147/18723",0.00496252379064098,0.0293305249624786,0.0174396100429064,"TYMS/IL6/FGF1",3
"GO:0016331","BP","GO:0016331","morphogenesis of embryonic epithelium","3/44","147/18723",0.00496252379064098,0.0293305249624786,0.0174396100429064,"FGFR2/SDC4/FGF10",3
"GO:0030850","BP","GO:0030850","prostate gland development","2/44","45/18723",0.00501145949262097,0.0293305249624786,0.0174396100429064,"FGFR2/FGF10",2
"GO:0035272","BP","GO:0035272","exocrine system development","2/44","45/18723",0.00501145949262097,0.0293305249624786,0.0174396100429064,"FGFR2/FGF10",2
"GO:0045933","BP","GO:0045933","positive regulation of muscle contraction","2/44","45/18723",0.00501145949262097,0.0293305249624786,0.0174396100429064,"EDN1/EDN2",2
"GO:0048546","BP","GO:0048546","digestive tract morphogenesis","2/44","45/18723",0.00501145949262097,0.0293305249624786,0.0174396100429064,"FGFR2/FGF10",2
"GO:0071354","BP","GO:0071354","cellular response to interleukin-6","2/44","45/18723",0.00501145949262097,0.0293305249624786,0.0174396100429064,"PPARGC1A/IL6",2
"GO:0014074","BP","GO:0014074","response to purine-containing compound","3/44","148/18723",0.00505696189870428,0.0294300937541494,0.0174988125597862,"PPARGC1A/SDC1/JUN",3
"GO:0035148","BP","GO:0035148","tube formation","3/44","148/18723",0.00505696189870428,0.0294300937541494,0.0174988125597862,"FGFR2/SDC4/FGF10",3
"GO:0045834","BP","GO:0045834","positive regulation of lipid metabolic process","3/44","149/18723",0.00515248237380045,0.0299017656861566,0.0177792635429483,"PPARGC1A/CYP7A1/FGF1",3
"GO:0043616","BP","GO:0043616","keratinocyte proliferation","2/44","46/18723",0.00523146726034552,0.0301239369770955,0.0179113641678659,"FGFR2/FGF10",2
"GO:0001959","BP","GO:0001959","regulation of cytokine-mediated signaling pathway","3/44","150/18723",0.00524908872785788,0.0301239369770955,0.0179113641678659,"EDN1/ISG15/IL6",3
"GO:0061008","BP","GO:0061008","hepaticobiliary system development","3/44","150/18723",0.00524908872785788,0.0301239369770955,0.0179113641678659,"TYMS/IL6/FGF1",3
"GO:0070665","BP","GO:0070665","positive regulation of leukocyte proliferation","3/44","150/18723",0.00524908872785788,0.0301239369770955,0.0179113641678659,"IL6/FGF10/CD3E",3
"GO:0001774","BP","GO:0001774","microglial cell activation","2/44","47/18723",0.00545585835167134,0.0311375783274944,0.0185140642524003,"TLR3/IL6",2
"GO:0010712","BP","GO:0010712","regulation of collagen metabolic process","2/44","47/18723",0.00545585835167134,0.0311375783274944,0.0185140642524003,"CYP7A1/IL6",2
"GO:0060070","BP","GO:0060070","canonical Wnt signaling pathway","4/44","303/18723",0.00548736184765457,0.031231100763786,0.0185696716723586,"FGFR2/ASPM/SDC1/FGF10",4
"GO:0030261","BP","GO:0030261","chromosome condensation","2/44","48/18723",0.0056846119123921,0.0322648577225332,0.0191843322780844,"TOP2A/CDK1",2
"GO:0001666","BP","GO:0001666","response to hypoxia","4/44","307/18723",0.00574535239442206,0.0324493454738359,0.019294026681595,"PPARGC1A/EDN1/MYC/CCNA2",4
"GO:0034614","BP","GO:0034614","cellular response to reactive oxygen species","3/44","155/18723",0.00574852877222843,0.0324493454738359,0.019294026681595,"IL6/JUN/CDK1",3
"GO:0002762","BP","GO:0002762","negative regulation of myeloid leukocyte differentiation","2/44","49/18723",0.00591770715822842,0.0329541320455524,0.0195941672681304,"TLR3/MYC",2
"GO:0006692","BP","GO:0006692","prostanoid metabolic process","2/44","49/18723",0.00591770715822842,0.0329541320455524,0.0195941672681304,"EDN1/EDN2",2
"GO:0006693","BP","GO:0006693","prostaglandin metabolic process","2/44","49/18723",0.00591770715822842,0.0329541320455524,0.0195941672681304,"EDN1/EDN2",2
"GO:0070741","BP","GO:0070741","response to interleukin-6","2/44","49/18723",0.00591770715822842,0.0329541320455524,0.0195941672681304,"PPARGC1A/IL6",2
"GO:1904707","BP","GO:1904707","positive regulation of vascular associated smooth muscle cell proliferation","2/44","49/18723",0.00591770715822842,0.0329541320455524,0.0195941672681304,"EDN1/JUN",2
"GO:0051047","BP","GO:0051047","positive regulation of secretion","4/44","310/18723",0.00594409710536618,0.0330121091927057,0.019628639847092,"EDN1/SDC1/SDC4/EDN3",4
"GO:0019932","BP","GO:0019932","second-messenger-mediated signaling","4/44","312/18723",0.00607912008772898,0.0336714801642039,0.0200206946306751,"EDN1/EDN3/EDN2/CD3E",4
"GO:0007080","BP","GO:0007080","mitotic metaphase plate congression","2/44","50/18723",0.00615512337462633,0.0337307291564403,0.0200559234348427,"CDT1/CENPE",2
"GO:0060425","BP","GO:0060425","lung morphogenesis","2/44","50/18723",0.00615512337462633,0.0337307291564403,0.0200559234348427,"FGFR2/FGF10",2
"GO:0060688","BP","GO:0060688","regulation of morphogenesis of a branching structure","2/44","50/18723",0.00615512337462633,0.0337307291564403,0.0200559234348427,"FGFR2/FGF10",2
"GO:1902930","BP","GO:1902930","regulation of alcohol biosynthetic process","2/44","50/18723",0.00615512337462633,0.0337307291564403,0.0200559234348427,"CYP7A1/FGF1",2
"GO:0006636","BP","GO:0006636","unsaturated fatty acid biosynthetic process","2/44","51/18723",0.0063968399165563,0.0344163314260555,0.0204635750620099,"EDN1/EDN2",2
"GO:0021872","BP","GO:0021872","forebrain generation of neurons","2/44","51/18723",0.0063968399165563,0.0344163314260555,0.0204635750620099,"FGFR2/ASPM",2
"GO:0032873","BP","GO:0032873","negative regulation of stress-activated MAPK cascade","2/44","51/18723",0.0063968399165563,0.0344163314260555,0.0204635750620099,"PBK/MYC",2
"GO:0032964","BP","GO:0032964","collagen biosynthetic process","2/44","51/18723",0.0063968399165563,0.0344163314260555,0.0204635750620099,"CYP7A1/IL6",2
"GO:0051293","BP","GO:0051293","establishment of spindle localization","2/44","51/18723",0.0063968399165563,0.0344163314260555,0.0204635750620099,"FGF10/MAD2L1",2
"GO:0060043","BP","GO:0060043","regulation of cardiac muscle cell proliferation","2/44","51/18723",0.0063968399165563,0.0344163314260555,0.0204635750620099,"FGFR2/CDK1",2
"GO:0070303","BP","GO:0070303","negative regulation of stress-activated protein kinase signaling cascade","2/44","51/18723",0.0063968399165563,0.0344163314260555,0.0204635750620099,"PBK/MYC",2
"GO:0060759","BP","GO:0060759","regulation of response to cytokine stimulus","3/44","162/18723",0.00649428711429924,0.0347712346703404,0.0206745966578118,"EDN1/ISG15/IL6",3
"GO:0070661","BP","GO:0070661","leukocyte proliferation","4/44","318/18723",0.00649646494808877,0.0347712346703404,0.0206745966578118,"SDC4/IL6/FGF10/CD3E",4
"GO:0006633","BP","GO:0006633","fatty acid biosynthetic process","3/44","163/18723",0.00660531129787894,0.0352624628977206,0.0209666756007744,"EDN1/CYP7A1/EDN2",3
"GO:0036293","BP","GO:0036293","response to decreased oxygen levels","4/44","322/18723",0.0067850582639335,0.0361286865290892,0.0214817227184221,"PPARGC1A/EDN1/MYC/CCNA2",4
"GO:0051438","BP","GO:0051438","regulation of ubiquitin-protein transferase activity","2/44","53/18723",0.00689309174331464,0.036609582369378,0.0217676581367831,"CDC20/MAD2L1",2
"GO:2000241","BP","GO:2000241","regulation of reproductive process","3/44","168/18723",0.00717745330105921,0.0380220987692009,0.0226075249725671,"ASPM/RAD51AP1/CDC20",3
"GO:0003002","BP","GO:0003002","regionalization","4/44","331/18723",0.00746531329057486,0.0392451329728439,0.0233347277624236,"FGFR2/EDN1/FGF10/FGF1",4
"GO:0071214","BP","GO:0071214","cellular response to abiotic stimulus","4/44","331/18723",0.00746531329057486,0.0392451329728439,0.0233347277624236,"TLR3/RAD51AP1/PBK/MYC",4
"GO:0104004","BP","GO:0104004","cellular response to environmental stimulus","4/44","331/18723",0.00746531329057486,0.0392451329728439,0.0233347277624236,"TLR3/RAD51AP1/PBK/MYC",4
"GO:0042129","BP","GO:0042129","regulation of T cell proliferation","3/44","171/18723",0.00753445727905161,0.0394080727557484,0.0234316099790892,"SDC4/IL6/CD3E",3
"GO:0046890","BP","GO:0046890","regulation of lipid biosynthetic process","3/44","171/18723",0.00753445727905161,0.0394080727557484,0.0234316099790892,"PPARGC1A/CYP7A1/FGF1",3
"GO:0001658","BP","GO:0001658","branching involved in ureteric bud morphogenesis","2/44","56/18723",0.00766920977465532,0.0397107453494684,0.0236115758000864,"MYC/FGF1",2
"GO:0032608","BP","GO:0032608","interferon-beta production","2/44","56/18723",0.00766920977465532,0.0397107453494684,0.0236115758000864,"TLR3/ISG15",2
"GO:0032648","BP","GO:0032648","regulation of interferon-beta production","2/44","56/18723",0.00766920977465532,0.0397107453494684,0.0236115758000864,"TLR3/ISG15",2
"GO:0046456","BP","GO:0046456","icosanoid biosynthetic process","2/44","56/18723",0.00766920977465532,0.0397107453494684,0.0236115758000864,"EDN1/EDN2",2
"GO:0006694","BP","GO:0006694","steroid biosynthetic process","3/44","173/18723",0.00777822157193869,0.0401745144190633,0.0238873278275065,"PPARGC1A/CYP7A1/FGF1",3
"GO:0048639","BP","GO:0048639","positive regulation of developmental growth","3/44","174/18723",0.00790184009633035,0.0406196972436101,0.0241520286764625,"FGFR2/EDN1/CDK1",3
"GO:0006695","BP","GO:0006695","cholesterol biosynthetic process","2/44","57/18723",0.00793629859233844,0.0406196972436101,0.0241520286764625,"CYP7A1/FGF1",2
"GO:1902653","BP","GO:1902653","secondary alcohol biosynthetic process","2/44","57/18723",0.00793629859233844,0.0406196972436101,0.0241520286764625,"CYP7A1/FGF1",2
"GO:0062197","BP","GO:0062197","cellular response to chemical stress","4/44","337/18723",0.00794305793147071,0.0406196972436101,0.0241520286764625,"PPARGC1A/IL6/JUN/CDK1",4
"GO:0048545","BP","GO:0048545","response to steroid hormone","4/44","339/18723",0.00810668692708412,0.0413541115835945,0.0245887034279588,"TYMS/EDN1/SDC1/IL6",4
"GO:0010634","BP","GO:0010634","positive regulation of epithelial cell migration","3/44","176/18723",0.00815256268319543,0.0414591400499737,0.0246511522078358,"EDN1/FGF10/FGF1",3
"GO:0001954","BP","GO:0001954","positive regulation of cell-matrix adhesion","2/44","58/18723",0.008207545150261,0.0414591400499737,0.0246511522078358,"SDC4/CD3E",2
"GO:0007405","BP","GO:0007405","neuroblast proliferation","2/44","58/18723",0.008207545150261,0.0414591400499737,0.0246511522078358,"FGFR2/ASPM",2
"GO:0032481","BP","GO:0032481","positive regulation of type I interferon production","2/44","58/18723",0.008207545150261,0.0414591400499737,0.0246511522078358,"TLR3/ISG15",2
"GO:0043405","BP","GO:0043405","regulation of MAP kinase activity","3/44","177/18723",0.00827967175134816,0.0416199558109131,0.0247467715042215,"EDN1/FGF1/EDN3",3
"GO:0071466","BP","GO:0071466","cellular response to xenobiotic stimulus","3/44","177/18723",0.00827967175134816,0.0416199558109131,0.0247467715042215,"TLR3/EDN1/MYC",3
"GO:0060038","BP","GO:0060038","cardiac muscle cell proliferation","2/44","60/18723",0.00876243117054106,0.0439384368937484,0.0261253150532452,"FGFR2/CDK1",2
"GO:0070482","BP","GO:0070482","response to oxygen levels","4/44","347/18723",0.00878343389986354,0.0439384368937484,0.0261253150532452,"PPARGC1A/EDN1/MYC/CCNA2",4
"GO:0042742","BP","GO:0042742","defense response to bacterium","4/44","350/18723",0.00904649183083404,0.0451450534359979,0.0268427560808119,"TLR3/ISG15/IL6/FCER1G",4
"GO:0055001","BP","GO:0055001","muscle cell development","3/44","184/18723",0.00920228490485752,0.0458118568998449,0.0272392301432308,"EDN1/SDC1/CDK1",3
"GO:0032613","BP","GO:0032613","interleukin-10 production","2/44","62/18723",0.00933370787914786,0.0460225309745095,0.0273644946488269,"ISG15/IL6",2
"GO:0032653","BP","GO:0032653","regulation of interleukin-10 production","2/44","62/18723",0.00933370787914786,0.0460225309745095,0.0273644946488269,"ISG15/IL6",2
"GO:0032757","BP","GO:0032757","positive regulation of interleukin-8 production","2/44","62/18723",0.00933370787914786,0.0460225309745095,0.0273644946488269,"TLR3/IL6",2
"GO:0060675","BP","GO:0060675","ureteric bud morphogenesis","2/44","62/18723",0.00933370787914786,0.0460225309745095,0.0273644946488269,"MYC/FGF1",2
"GO:0008217","BP","GO:0008217","regulation of blood pressure","3/44","186/18723",0.00947651653248822,0.0465047105846096,0.0276511933827072,"EDN1/EDN3/EDN2",3
"GO:0071478","BP","GO:0071478","cellular response to radiation","3/44","186/18723",0.00947651653248822,0.0465047105846096,0.0276511933827072,"RAD51AP1/PBK/MYC",3
"GO:0045143","BP","GO:0045143","homologous chromosome segregation","2/44","63/18723",0.00962544305003561,0.047012211208921,0.0279529477152957,"PSMC3IP/PTTG1",2
"GO:0072171","BP","GO:0072171","mesonephric tubule morphogenesis","2/44","63/18723",0.00962544305003561,0.047012211208921,0.0279529477152957,"MYC/FGF1",2
"GO:0071900","BP","GO:0071900","regulation of protein serine/threonine kinase activity","4/44","359/18723",0.009866558435252,0.0478907314879554,0.0284753062854455,"EDN1/FGF1/EDN3/CCNA2",4
"GO:0006940","BP","GO:0006940","regulation of smooth muscle contraction","2/44","64/18723",0.00992121639731118,0.0478907314879554,0.0284753062854455,"EDN1/EDN2",2
"GO:0016126","BP","GO:0016126","sterol biosynthetic process","2/44","64/18723",0.00992121639731118,0.0478907314879554,0.0284753062854455,"CYP7A1/FGF1",2
"GO:0055002","BP","GO:0055002","striated muscle cell development","2/44","64/18723",0.00992121639731118,0.0478907314879554,0.0284753062854455,"EDN1/SDC1",2
"GO:0070542","BP","GO:0070542","response to fatty acid","2/44","64/18723",0.00992121639731118,0.0478907314879554,0.0284753062854455,"PPARGC1A/EDN1",2
"GO:0051310","BP","GO:0051310","metaphase plate congression","2/44","65/18723",0.0102210082284788,0.0489944385151675,0.0291315584384779,"CDT1/CENPE",2
"GO:0090307","BP","GO:0090307","mitotic spindle assembly","2/44","65/18723",0.0102210082284788,0.0489944385151675,0.0291315584384779,"CDC20/PRC1",2
"GO:1905330","BP","GO:1905330","regulation of morphogenesis of an epithelium","2/44","65/18723",0.0102210082284788,0.0489944385151675,0.0291315584384779,"FGF10/FGF1",2
"GO:0032872","BP","GO:0032872","regulation of stress-activated MAPK cascade","3/44","192/18723",0.0103278121867467,0.0493918055042097,0.0293678285134828,"TLR3/PBK/MYC",3
"GO:0050731","BP","GO:0050731","positive regulation of peptidyl-tyrosine phosphorylation","3/44","193/18723",0.0104738870635113,0.0499747128711648,0.0297144188722929,"IL6/FGF10/CD3E",3
"GO:0000793","CC","GO:0000793","condensed chromosome","9/45","244/19550",3.79948269324146e-09,2.4983197756456e-07,1.57246388483391e-07,"CDT1/BUB1/BUB3/BUB1B/PSMC3IP/MAD2L1/SPC25/TOP2A/CENPE",9
"GO:0098687","CC","GO:0098687","chromosomal region","10/45","348/19550",5.15117479514556e-09,2.4983197756456e-07,1.57246388483391e-07,"CDT1/BUB1/RAD51AP1/BUB3/BUB1B/MAD2L1/SPC25/TOP2A/CENPE/CDK1",10
"GO:0000775","CC","GO:0000775","chromosome, centromeric region","8/45","198/19550",1.50246889818518e-08,4.85798277079876e-07,3.05765600332423e-07,"CDT1/BUB1/BUB3/BUB1B/MAD2L1/SPC25/TOP2A/CENPE",8
"GO:0000776","CC","GO:0000776","kinetochore","7/45","134/19550",2.21726842594416e-08,5.3768759329146e-07,3.38425180802004e-07,"CDT1/BUB1/BUB3/BUB1B/MAD2L1/SPC25/CENPE",7
"GO:0000779","CC","GO:0000779","condensed chromosome, centromeric region","7/45","144/19550",3.64828664293362e-08,7.07767608729122e-07,4.45475000610842e-07,"CDT1/BUB1/BUB3/BUB1B/MAD2L1/SPC25/CENPE",7
"GO:0005819","CC","GO:0005819","spindle","7/45","391/19550",2.85875579300502e-05,0.00046180573049436,0.000290664485823905,"ASPM/CDC20/BUB1B/MAD2L1/CENPE/PRC1/CDK1",7
"GO:0072686","CC","GO:0072686","mitotic spindle","5/45","161/19550",3.33261867367064e-05,0.00046180573049436,0.000290664485823905,"ASPM/MAD2L1/CENPE/PRC1/CDK1",5
"GO:0009897","CC","GO:0009897","external side of plasma membrane","7/45","421/19550",4.57367865331652e-05,0.000554558536714628,0.000349043897226787,"SDC1/CXCL9/CD3G/IL2RB/CD3D/FCER1G/CD3E",7
"GO:0098802","CC","GO:0098802","plasma membrane signaling receptor complex","6/45","306/19550",6.82292721397404e-05,0.000735359933061646,0.000462841846094145,"CD247/IL6/CD3G/IL2RB/CD3D/CD3E",6
"GO:0042101","CC","GO:0042101","T cell receptor complex","4/45","148/19550",0.000369150854629723,0.00358076328990831,0.0022537631124762,"CD247/CD3G/CD3D/CD3E",4
"GO:1990023","CC","GO:1990023","mitotic spindle midzone","2/45","14/19550",0.000463226293954633,0.00408481368305449,0.00257101675113576,"CENPE/PRC1",2
"GO:0005876","CC","GO:0005876","spindle microtubule","3/45","72/19550",0.000608246684119716,0.00464645997749053,0.0029245217438356,"CENPE/PRC1/CDK1",3
"GO:0000922","CC","GO:0000922","spindle pole","4/45","170/19550",0.000622721440282236,0.00464645997749053,0.0029245217438356,"ASPM/CDC20/MAD2L1/PRC1",4
"GO:0005680","CC","GO:0005680","anaphase-promoting complex","2/45","21/19550",0.00105808223905167,0.00684545919721799,0.00430859070470584,"CDC20/BUB1B",2
"GO:0030496","CC","GO:0030496","midbody","4/45","196/19550",0.00105857616451825,0.00684545919721799,0.00430859070470584,"ASPM/CENPE/PRC1/CDK1",4
"GO:0051233","CC","GO:0051233","spindle midzone","2/45","36/19550",0.00310539486588476,0.0188264563744264,0.0118495330408761,"CENPE/PRC1",2
"GO:0000791","CC","GO:0000791","euchromatin","2/45","38/19550",0.00345512179230108,0.0197145184619533,0.012408486932103,"PPARGC1A/JUN",2
"GO:0000152","CC","GO:0000152","nuclear ubiquitin ligase complex","2/45","42/19550",0.00420703215027194,0.021478006240862,0.0135184412584916,"CDC20/BUB1B",2
"GO:0000307","CC","GO:0000307","cyclin-dependent protein kinase holoenzyme complex","2/45","42/19550",0.00420703215027194,0.021478006240862,0.0135184412584916,"CCNA2/CDK1",2
"GO:0071855","MF","GO:0071855","neuropeptide receptor binding","3/45","37/18368",0.000100721296771022,0.00881222793310962,0.00616239715602071,"EDN1/EDN3/EDN2",3
"GO:0048018","MF","GO:0048018","receptor ligand activity","7/45","487/18368",0.000167255106789132,0.00881222793310962,0.00616239715602071,"EDN1/CXCL9/IL6/FGF10/FGF1/EDN3/EDN2",7
"GO:0030546","MF","GO:0030546","signaling receptor activator activity","7/45","495/18368",0.000184871914680621,0.00881222793310962,0.00616239715602071,"EDN1/CXCL9/IL6/FGF10/FGF1/EDN3/EDN2",7
"GO:0042608","MF","GO:0042608","T cell receptor binding","2/45","11/18368",0.000318292176417578,0.0113789453069284,0.00795730441043945,"CD3G/CD3E",2
"GO:0008022","MF","GO:0008022","protein C-terminus binding","4/45","189/18368",0.00116366782993537,0.0332808999361515,0.0232733565987073,"SDC1/CDC20/MAD2L1/TOP2A",4
"GO:0005104","MF","GO:0005104","fibroblast growth factor receptor binding","2/45","25/18368",0.00169867310602687,0.0404850423603071,0.0283112184337812,"FGF10/FGF1",2
"GO:0005539","MF","GO:0005539","glycosaminoglycan binding","4/45","230/18368",0.00238652772340788,0.0487533520639039,0.0340932531915412,"FGFR2/FGF10/FGF1/HMMR",4
