"","ID","Description","GeneRatio","BgRatio","pvalue","p.adjust","qvalue","geneID","Count"
"hsa05166","hsa05166","Human T-cell leukemia virus 1 infection","13/35","222/8292",2.24464823814179e-12,3.27718642768702e-10,2.41004337147855e-10,"IL6/CD3G/IL2RB/JUN/CDC20/MYC/BUB3/BUB1B/CD3D/MAD2L1/CCNA2/CD3E/PTTG1",13
"hsa04110","hsa04110","Cell cycle","10/35","157/8292",5.43197946482579e-10,3.96534500932282e-08,2.91611529164332e-08,"CDT1/BUB1/CDC20/MYC/BUB3/BUB1B/MAD2L1/CCNA2/PTTG1/CDK1",10
"hsa05169","hsa05169","Epstein-Barr virus infection","9/35","202/8292",1.03154572183661e-07,5.02018917960484e-06,3.69184784657313e-06,"CD247/ISG15/IL6/CD3G/JUN/MYC/CD3D/CCNA2/CD3E",9
"hsa04659","hsa04659","Th17 cell differentiation","7/35","108/8292",2.60393857038304e-07,9.50437578189808e-06,6.98951932050184e-06,"CD247/IL6/CD3G/IL2RB/JUN/CD3D/CD3E",7
"hsa04658","hsa04658","Th1 and Th2 cell differentiation","6/35","92/8292",1.9826420289013e-06,5.78931472439181e-05,4.25746288311438e-05,"CD247/CD3G/IL2RB/JUN/CD3D/CD3E",6
"hsa05142","hsa05142","Chagas disease","6/35","102/8292",3.63278051216938e-06,8.83976591294549e-05,6.50076512703994e-05,"CD247/IL6/CD3G/JUN/CD3D/CD3E",6
"hsa05162","hsa05162","Measles","6/35","139/8292",2.16659898187513e-05,0.000451890644791098,0.000332320445340245,"IL6/CD3G/IL2RB/JUN/CD3D/CD3E",6
"hsa05235","hsa05235","PD-L1 expression and PD-1 checkpoint pathway in cancer","5/35","89/8292",3.20361240228009e-05,0.000584659263416116,0.000429958506621801,"CD247/CD3G/JUN/CD3D/CD3E",5
"hsa04660","hsa04660","T cell receptor signaling pathway","5/35","104/8292",6.78291980928905e-05,0.001100340324618,0.000809190433388869,"CD247/CD3G/JUN/CD3D/CD3E",5
"hsa04114","hsa04114","Oocyte meiosis","5/35","131/8292",0.000202285765561486,0.0029533721771977,0.00217191032497596,"BUB1/CDC20/MAD2L1/PTTG1/CDK1",5
"hsa05170","hsa05170","Human immunodeficiency virus 1 infection","6/35","212/8292",0.000227161050938926,0.00301504667609847,0.00221726576036081,"CD247/CD3G/JUN/CD3D/CD3E/CDK1",6
"hsa05161","hsa05161","Hepatitis B","5/35","162/8292",0.000540656786598988,0.00657799090362102,0.00483745545904357,"TLR3/IL6/JUN/MYC/CCNA2",5
"hsa04640","hsa04640","Hematopoietic cell lineage","4/35","99/8292",0.000753540411040469,0.0084628384624545,0.00622357262559739,"IL6/CD3G/CD3D/CD3E",4
"hsa04914","hsa04914","Progesterone-mediated oocyte maturation","4/35","102/8292",0.000843074841003889,0.00879206619904056,0.00646568675055614,"BUB1/MAD2L1/CCNA2/CDK1",4
"hsa04620","hsa04620","Toll-like receptor signaling pathway","4/35","104/8292",0.000906789453648124,0.00882608401550841,0.00649070345769184,"TLR3/CXCL9/IL6/JUN",4
"hsa05418","hsa05418","Fluid shear stress and atherosclerosis","4/35","139/8292",0.00264537647818751,0.024139060363461,0.0177518684720478,"EDN1/SDC1/SDC4/JUN",4
"hsa04924","hsa04924","Renin secretion","3/35","69/8292",0.00298320805957139,0.0248211255490336,0.018253459307869,"EDN1/EDN3/EDN2",3
"hsa05224","hsa05224","Breast cancer","4/35","147/8292",0.00323870512441618,0.0248211255490336,0.018253459307869,"JUN/MYC/FGF10/FGF1",4
"hsa04151","hsa04151","PI3K-Akt signaling pathway","6/35","354/8292",0.00329420226579562,0.0248211255490336,0.018253459307869,"FGFR2/IL6/IL2RB/MYC/FGF10/FGF1",6
"hsa05226","hsa05226","Gastric cancer","4/35","149/8292",0.00340015418479912,0.0248211255490336,0.018253459307869,"FGFR2/MYC/FGF10/FGF1",4
"hsa04218","hsa04218","Cellular senescence","4/35","156/8292",0.00400852586760578,0.0278687988890687,0.0204947187215934,"IL6/MYC/CCNA2/CDK1",4
"hsa04512","hsa04512","ECM-receptor interaction","3/35","88/8292",0.00591579184193357,0.0392593458601046,0.0288713286065657,"SDC1/SDC4/HMMR",3
"hsa01523","hsa01523","Antifolate resistance","2/35","30/8292",0.00699138506461833,0.0443800964971424,0.0326371293634357,"TYMS/IL6",2
"hsa04010","hsa04010","MAPK signaling pathway","5/35","294/8292",0.00734198465231968,0.0446637399682781,0.0328457208130091,"FGFR2/JUN/MYC/FGF10/FGF1",5
"hsa04061","hsa04061","Viral protein interaction with cytokine and cytokine receptor","3/35","100/8292",0.00842185810167562,0.0449832371213946,0.0330806790654812,"CXCL9/IL6/IL2RB",3
"hsa04933","hsa04933","AGE-RAGE signaling pathway in diabetic complications","3/35","100/8292",0.00842185810167562,0.0449832371213946,0.0330806790654812,"EDN1/IL6/JUN",3
"hsa05202","hsa05202","Transcriptional misregulation in cancer","4/35","193/8292",0.00847422730950759,0.0449832371213946,0.0330806790654812,"IL6/IL2RB/MYC/CCNA2",4
"hsa05167","hsa05167","Kaposi sarcoma-associated herpesvirus infection","4/35","194/8292",0.00862692218766471,0.0449832371213946,0.0330806790654812,"TLR3/IL6/JUN/MYC",4
"hsa04625","hsa04625","C-type lectin receptor signaling pathway","3/35","104/8292",0.00937634242959373,0.0472050343007133,0.0347145890315267,"IL6/JUN/FCER1G",3
"hsa05203","hsa05203","Viral carcinogenesis","4/35","204/8292",0.0102545344909071,0.0499054011890813,0.0367004392306149,"JUN/CDC20/CCNA2/CDK1",4
